0.00279034605942,0.00273042015042,0.00267156346943,0.00260649269928,0.0025279404444,0.00242679399418,0.00227667154286,0.00167332854713,0.00206781421468,0.00207443908363,0.00203710555331,0.00207118302496,0.00203746604751,0.00196814955435,0.00176083718527,0.00210715670758,0.00218873203116,0.00241721952889,0.00254125373932,0.00268336649779,0.00291822824256,0.00316801642469,0.00297791728181,0.00408773888022,0.00484961362567,0.00557245006195,0.00634677324248,0.00719460474743,0.00812760595597,0.00915505134323,0.0102825203848,0.0115081677232,0.0128174689352,0.0141767944274,0.0155276841592,0.0167861384422,0.0178526199627,0.0186349834703,0.0190767943259,0.0191751197752,0.0189765821893,0.0185560980447,0.0179927783434,0.0173539517476,0.0166892892144,0.016031646291,0.0154006856966,0.0148068215018,0.0142544628996
0.00269639319964,0.00263831897366,0.00258919487446,0.00253230829751,0.00245827804621,0.00236065979474,0.002226715641,0.00204664714277,0.00197845000128,0.00203509898714,0.00202106683356,0.00195044900542,0.00184042933643,0.00166025476486,0.00194653993783,0.00206372795113,0.00212199550365,0.0023414807685,0.00244216329372,0.00263556825776,0.00293113683442,0.00327105770697,0.00366049036221,0.00422657885091,0.00490681360673,0.00564380916875,0.00645411675267,0.00735728274018,0.00837123526524,0.00951289576006,0.0107966320171,0.0122300859604,0.0138065134531,0.0154928600636,0.0172151276613,0.018848540266,0.0202275939371,0.0211889397489,0.0216348784935,0.0215742236551,0.0211076407074,0.0203744644777,0.0195034033349,0.0185893396476,0.0176919291037,0.0168437100306,0.0160593846793,0.0153430751936,0.0146931532305
0.00255426275589,0.00251181996686,0.00249629472404,0.00245850208629,0.0023928913897,0.00230157669066,0.0021820401021,0.00199873756533,0.00180342830259,0.00195095627153,0.00193916500454,0.00181093916649,0.0016050779136,0.00175978659459,0.00192005502592,0.00200616088359,0.002118519779,0.00223201698981,0.00216354649947,0.00241088869726,0.00269461876595,0.00318051623215,0.00360262274887,0.00425123110668,0.00493682008136,0.00569493643923,0.0065434565098,0.00750478419361,0.00860486946026,0.00987164102833,0.0113338009649,0.013017215847,0.0149355758653,0.0170711355102,0.019342746129,0.0215691449229,0.0234622486855,0.0247049493928,0.0251089765313,0.0247229701111,0.0237776189971,0.0225407047206,0.0212177146886,0.019931181369,0.0187401441102,0.0176652977613,0.0167073700303,0.0158580312583,0.0151056819035
0.00212679347041,0.00230642076677,0.00238925787446,0.00238701518403,0.00232876946835,0.00223749948708,0.00212810949928,0.00198194266574,0.00165961204482,0.00184929897606,0.00185782566726,0.00168576969315,0.00150747384578,0.00165433334877,0.00178159918809,0.0017316977285,0.00191129177699,0.00209446147401,0.0017986456019,0.0024075816334,0.00279523723304,0.00310891158535,0.00347173782562,0.00419502243509,0.00492306487857,0.0057174467665,0.00660493991004,0.00762284339837,0.00880968330989,0.0102076226239,0.0118655375651,0.0138394419593,0.0161854403547,0.0189356808514,0.0220404749756,0.025264650865,0.0280915499595,0.0298314965948,0.0300624056782,0.0289742462981,0.027140977386,0.0250859017623,0.0231100610579,0.0213360074368,0.0197903860449,0.0184590599068,0.0173146544268,0.0163283266626,0.0154740743738
0.00225532485864,0.00200449513963,0.00227088144786,0.00233038153781,0.00226477597089,0.00214155178842,0.00203963830208,0.00192447355125,0.001524118176,0.00185443978535,0.00181031031375,0.00160613666159,0.00171587709629,0.00139494854448,0.00170141703071,0.00170582128077,0.00194612894055,0.00191216621324,0.00199958921844,0.00245548913716,0.00284193961648,0.00322158191367,0.00351504007277,0.00392160933679,0.00488007388649,0.00571165067768,0.00662744027257,0.00769360721447,0.00896227141296,0.0104896383404,0.0123486639401,0.0146387326646,0.0174901672775,0.0210521986257,0.0254236312634,0.0304301890299,0.0351857032235,0.0379717047916,0.0376085220233,0.0348680445019,0.031329599288,0.0279646779809,0.0250888868623,0.0227167801192,0.020773323237,0.0191732485966,0.0178435247517,0.0167266217751,0.0157784369351
0.00241292197909,0.00223324797774,0.00229829260363,0.00231328472591,0.00221832440175,0.00187917440505,0.00173082674601,0.0019328300473,0.00191835478451,0.00186124327987,0.00163266152481,0.00176412088426,0.00178831883817,0.00176752517859,0.00180041244691,0.00167437913522,0.00194576925562,0.00205065001111,0.00215411073952,0.0023080651635,0.00276230991919,0.0032194294551,0.00361296266386,0.00410660012336,0.00487174561514,0.00567483092698,0.00659044730602,0.00769219230707,0.00903566924638,0.0106818530996,0.0127268770649,0.0153229203958,0.0187065740908,0.0232402034895,0.0294323781908,0.0377159498854,0.0471466211101,0.0528353060766,0.0501835948425,0.043079382796,0.0362615429047,0.0309451141361,0.0269544849052,0.0239318247132,0.0215938316274,0.0197446183908,0.0182515924986,0.0170240713374,0.0159987886819
0.0024777823102,0.00240757555817,0.00237437323847,0.00233212036244,0.00224006807056,0.00207624892954,0.00195877484612,0.00200128199804,0.00197984247764,0.00187062874423,0.00163560738073,0.00166917881406,0.00176070966316,0.00166853035869,0.00181612832721,0.00160014361775,0.00197872761152,0.00204051451877,0.00201027791593,0.00178330358425,0.00266476445835,0.00317630209194,0.00365370596325,0.00419834216355,0.00484275437239,0.00556794775897,0.00643900708491,0.00758082774533,0.00900544711914,0.0107527408419,0.0129408567657,0.0157741699238,0.0196014943468,0.0250581993512,0.0333920798915,0.047126568931,0.0697386160866,0.0885045161181,0.073244793545,0.0535069919812,0.0411453343723,0.0334712571638,0.0283816391588,0.0247949866569,0.0221431605317,0.020107558076,0.0184979034674,0.0171942725699,0.016117599106
0.00245285505285,0.0024261821884,0.00240593946397,0.00236110724801,0.00228957150744,0.00220158326933,0.00212758007573,0.00207969070679,0.0020243383381,0.00191937108656,0.00165902418555,0.00174150371433,0.00181970721018,0.00182551668034,0.00185918887531,0.00184986722974,0.00192915546427,0.00203604561442,0.00214241253387,0.00225523887333,0.00262622079859,0.00307453047059,0.00354674940033,0.00412257506626,0.0047413280013,0.00531179107939,0.00592841022237,0.00731917683813,0.00887002586291,0.0106901211409,0.0129473014368,0.0158834419452,0.0199096319303,0.0258310162225,0.0355104990206,0.0543503414622,0.105560054551,0.289498387337,0.107231268346,0.0615664723121,0.043968943105,0.0347068279611,0.0289970422393,0.0251250765825,0.0223264688097,0.0202091321888,0.0185512787594,0.0172180146861,0.0161225739673
0.00202843981643,0.00238651960104,0.00242308417009,0.00238848429297,0.00232726141018,0.00225201696303,0.00217278430661,0.00210303869113,0.00205107459941,0.0019933361502,0.00193369999794,0.0019163658414,0.00191415606848,0.00188492343276,0.0018412887611,0.00136066860908,0.00161778620368,0.00179759242306,0.00208507950193,0.00233507101624,0.00262030936165,0.00270537704201,0.00325049672881,0.00397445691323,0.00462032736978,0.0050926221935,0.00523818832898,0.00700677100106,0.00868081607608,0.0105107936184,0.0127369225862,0.0156025745911,0.0194832775197,0.0250744057674,0.0339354056858,0.050540703629,0.0892386396863,0.149571242934,0.0931195348692,0.0585065586032,0.042749355566,0.0340493997764,0.0285761920634,0.0248252563394,0.0220972310446,0.0200250881975,0.0183982540838,0.0170874444118,0.0160089505994
0.0023486382576,0.00243464470103,0.00245159159929,0.00241555134937,0.00235494087733,0.00227468363519,0.00216269859376,0.00201102544429,0.00202685848467,0.00201144504394,0.00198999567241,0.00197143647829,0.00194091390542,0.00180637989183,0.00159403109511,0.00186720276748,0.00186073366542,0.0019127585559,0.00202709680617,0.00236209269745,0.00260682574841,0.00285268846528,0.00294028167964,0.00383800430784,0.00452631055617,0.00513633950829,0.00540724184297,0.00693576167688,0.0085107702893,0.0102444142837,0.0123360787081,0.0149755132252,0.0184204591302,0.0230258247092,0.029138375798,0.0382388844503,0.0545879962373,0.0663856935206,0.0600515844145,0.0476853344561,0.0382032853835,0.031722775326,0.0272085451479,0.0239378763759,0.0214780887262,0.0195686798378,0.018047148072,0.0168080777935,0.0157805519934
0.00255470200277,0.00252088924706,0.00249071762343,0.00244420901978,0.00238062691365,0.00229619909537,0.00216546631835,0.00185467187936,0.00197503915896,0.00193030998726,0.00196575069475,0.00195135353868,0.00193253633698,0.00187619881415,0.00184671237297,0.00194165632703,0.00191109780501,0.00194370491885,0.00155356475857,0.0022753338476,0.00230501070211,0.00281261962032,0.00319353099902,0.00354668298854,0.00443682442385,0.0051768080367,0.00597399595206,0.00702546947369,0.00834066910376,0.00990445469875,0.0117915793777,0.0141152121468,0.0170089109942,0.0205438007253,0.0240207194636,0.0221057960614,0.0370068166172,0.042438710679,0.0418508972417,0.0375904213518,0.0327355232671,0.0285609546614,0.0252366253535,0.0226234426791,0.0205523846775,0.0188868332949,0.0175261566939,0.0163977793403,0.0154492052959
0.00262234874852,0.00257379241376,0.00252687297684,0.00247320653269,0.00240838265898,0.0023282178837,0.00222669711603,0.00211081533647,0.00197406018421,0.00176676820001,0.0018802095415,0.00182936447047,0.00185148272458,0.0018770591305,0.00180965300349,0.0019637357815,0.00199069954235,0.00203878455414,0.00193065928581,0.00226947419697,0.00252636672176,0.0022220268197,0.00315835373794,0.00364504615807,0.00438689631176,0.00513594083248,0.00596165060025,0.00693581379998,0.00810336546505,0.00949466084726,0.0111550941974,0.0131448752835,0.0155201533187,0.0182786625908,0.0212493050637,0.0245494090294,0.0286185525576,0.0313661905125,0.0317527158352,0.0302299081593,0.0278302511507,0.0253200246181,0.0230409346083,0.0210828003953,0.0194323982683,0.0180458305141,0.0168763509813,0.0158830959294,0.0150327092124
0.00266007052598,0.00260884754122,0.0025570903176,0.00250096308688,0.0024372116287,0.00236282794024,0.00227441635364,0.00216544017036,0.00200875748545,0.00184166893463,0.00139653906631,0.00190541366761,0.00196544432315,0.00197364759677,0.00193155810071,0.00183068809812,0.00179763010244,0.00213587876416,0.00218042937607,0.00232307416208,0.00220939432671,0.00269288526917,0.00317884679586,0.00369857819877,0.00432287217128,0.00504015774461,0.00583534080159,0.0067426783939,0.00779780948852,0.00903153024829,0.010474518665,0.0121564356308,0.0140946619287,0.0162724423282,0.0186246793829,0.0210675656816,0.0233726640346,0.0249941626589,0.0255260023709,0.0250245559439,0.0238516800147,0.0223885446515,0.0208905998836,0.0194868128961,0.018225634236,0.0171144237137,0.0161427973588,0.0152943630144,0.0145520183041
0.00268600756257,0.0026349463679,0.00258248189142,0.00252660151394,0.00246521653543,0.00239605380274,0.0023155081795,0.00221333068444,0.00203856912143,0.00183127621862,0.00183285720814,0.00199634867469,0.00203406089235,0.00201624980435,0.00196573551764,0.001930845196,0.00206490178729,0.00221579747506,0.002322570008,0.00238623520167,0.00209952756796,0.00238795806828,0.00312425113237,0.00325618646982,0.00417467164237,0.00490882692058,0.00566085047989,0.00649718764103,0.00744921752686,0.00854017826722,0.00978852133641,0.0112058828027,0.0127901400548,0.0145145456112,0.0163174153494,0.0180918788793,0.0196623797068,0.0207983340206,0.021331152788,0.0212559961564,0.0207100892004,0.0198792858868,0.0189230101764,0.0179482159367,0.0170150053582,0.0161515240694,0.0153671157475,0.0146611856762,0.0140284527543
0.00270577503485,0.00265574403767,0.00260407287769,0.00254963319008,0.00249117635052,0.0024272984827,0.00235600062604,0.00227385659961,0.002179486765,0.0021043156243,0.00208067217063,0.00208545366243,0.00207028038772,0.00199400004943,0.00182021678375,0.0018423754197,0.00205541583473,0.00223751229298,0.00233583487518,0.00234486818105,0.00254025522568,0.00282964876183,0.00318649815721,0.00350960782672,0.00411798571153,0.00477249788315,0.0054616007367,0.00622329881583,0.00707879660683,0.00804273258361,0.00912391911199,0.0103231487149,0.0116288706411,0.0130111814087,0.0144157105098,0.0157591506839,0.0169305035027,0.0178110859315,0.0183173746229,0.0184366777179,0.0182253085213,0.0177763466166,0.0171846283482,0.0165264461261,0.0158544394666,0.0152008409311,0.0145831534381,0.0140093204918,0.0134815372862
0.00272161064097,0.00267280686853,0.00262235940168,0.00256963438291,0.00251397692345,0.00245480744395,0.00239177250321,0.00232544606878,0.00225986057294,0.00220476664605,0.00216614589319,0.0021356010762,0.00209266441851,0.00199256602779,0.00173640595629,0.00196986438669,0.00208739466047,0.00220638425738,0.00228794991025,0.00230094979165,0.00242679235493,0.00278812611381,0.00319956400497,0.00359050974237,0.00406459464161,0.00462098061694,0.00524166216137,0.00593108337184,0.00669935547203,0.00755393963312,0.00849643375682,0.00952093291355,0.010611976173,0.0117415033372,0.012866090259,0.0139265609826,0.0148528058192,0.0155766469639,0.0160506438274,0.016262739315,0.0162371414349,0.0160221922802,0.0156740556661,0.0152442269701,0.0147734907037,0.0142909481356,0.0138156777639,0.0133591883453,0.0129277137429
0.00273454612904,0.00268685632693,0.00263754105661,0.0025862297455,0.00253260264344,0.00247653362391,0.00241832536534,0.0023591072981,0.00230118166706,0.00224716308562,0.00219735668686,0.00214891112898,0.00209787524902,0.00203440908662,0.00196184830598,0.00196468218749,0.00179854856038,0.00210958574227,0.00166736291012,0.0023815710655,0.00254780000387,0.00280179474202,0.00311796370445,0.00346020179729,0.00390918491177,0.00442831995892,0.00499660462792,0.00562267258609,0.0063163305051,0.00708152673328,0.00791357650609,0.00880157279659,0.00972906428654,0.0106721427263,0.0115979064217,0.0124651682184,0.013228486858,0.0138457356794,0.0142873454362,0.0145431974817,0.0146236541562,0.0145546254628,0.0143697288315,0.0141030737652,0.0137845983793,0.0134380879312,0.0130810733691,0.0127256934692,0.012379863346
0.00274513423089,0.00269829352793,0.00264976222198,0.00259925273738,0.00254651791422,0.00249147037158,0.00243436612053,0.00237595383797,0.00231707458636,0.00225687523141,0.00219101489709,0.0021163855256,0.00204269718307,0.00201017605924,0.00176837795049,0.00191895118138,0.00199549669687,0.00203139247622,0.00206317335628,0.00238485285267,0.0025841290314,0.00275696136793,0.00287424622488,0.00295567032246,0.00367106045573,0.00419709085027,0.00472350597039,0.00529351782313,0.00592731178326,0.00662798581261,0.00737846536815,0.00816260702725,0.00896581948135,0.00976988157218,0.0105510527528,0.011280905993,0.0119292663961,0.0124687541533,0.0128797628222,0.0131540930587,0.0132957921314,0.0133190438438,0.0132442598063,0.0130939600285,0.0128895855382,0.0126496349896,0.0123889602401,0.0121188335263,0.0118474133539
0.00275374224998,0.00270743628925,0.00265926195943,0.00260887163569,0.002555856212,0.00249979004048,0.0024403898003,0.00237791332733,0.00231331147931,0.00224449963336,0.00215320470001,0.00200677718956,0.00154080153699,0.00197173098192,0.00194977600713,0.00146205082904,0.00184739975128,0.00208653483683,0.00219628593388,0.00233571552228,0.00250010106653,0.00265332538944,0.00257419281153,0.00302314391022,0.00348776070923,0.00392522882923,0.00441458448772,0.00491703993401,0.00551221949969,0.00619464833725,0.00689472634246,0.00760088358845,0.00830823028776,0.00900621585635,0.00967897405434,0.0103071431432,0.0108703337258,0.011350097642,0.0117328678889,0.0120120752532,0.0121888025472,0.0122708718148,0.0122708338865,0.0122036020421,0.0120843700359,0.0119271510111,0.0117439797721,0.0115446464649,0.0113367767057
0.00276067413157,0.00271461164745,0.00266641922778,0.00261560122987,0.00256141362946,0.00250271087271,0.00243781417862,0.00236511733229,0.0022873977129,0.00221489348803,0.00212326703525,0.00178601970709,0.00197478913249,0.00200343225679,0.00198064435331,0.00194980413497,0.00196408952751,0.00207273891561,0.00211708129301,0.002115855679,0.00229181039771,0.0025556803781,0.00279486011048,0.00306199730243,0.00326060099465,0.00338100862171,0.00408395794604,0.00428095108303,0.005011151519,0.00580195421059,0.00647198065023,0.00711427112237,0.00774382841522,0.00835777624165,0.00894628724304,0.00949625481983,0.00999365772313,0.0104256872672,0.0107826353715,0.0110592348165,0.011255169753,0.0113746992282,0.0114256003349,0.0114177929479,0.0113620017748,0.0112686915736,0.0111473641425,0.0110061939811,0.0108519230922
0.00276620987749,0.0027201616699,0.0026717016577,0.00262018496548,0.00256451116975,0.00250262563514,0.00243032357831,0.00233822970933,0.0022107580596,0.0021304776001,0.00212288177252,0.00208616499157,0.00206024693992,0.00198977049768,0.00176672742916,0.00198935726485,0.00202483670525,0.00201296022423,0.00105691897102,0.00198259066881,0.00209916844335,0.00229101574843,0.0026868322126,0.00296310069954,0.00304811797356,0.00334211574864,0.00388983926028,0.00416472978425,0.00479952423619,0.00551124201674,0.00612091199657,0.00669918451322,0.0072608130796,0.00780519265088,0.0083257991356,0.00881345162811,0.00925820683951,0.00965087473061,0.00998427983202,0.0102541540077,0.0104595324401,0.0106026222096,0.0106882399492,0.0107230024613,0.0107144697302,0.0106703944567,0.0105981605101,0.0105044269545,0.0103949512656
0.0027706059598,0.0027244021606,0.00267554219706,0.00262332896961,0.0025665291334,0.00250265803623,0.00242589654189,0.00231879123272,0.00208267541671,0.0018887512365,0.00207156228827,0.00212016517128,0.00209272208062,0.00200719618721,0.00191234592874,0.0019431260073,0.00197401379454,0.00195810379401,0.00184020618345,0.00166909014766,0.00106767117365,0.00210529167481,0.00258546161521,0.00288675073076,0.00291980790971,0.00321532350334,0.00376496077187,0.00427268603566,0.00477460917475,0.00530775468238,0.00583360250582,0.00634652862038,0.00684686069306,0.00733187009987,0.00779612303103,0.00823265809726,0.00863407524258,0.00899351275292,0.00930547727439,0.00956644568846,0.00977516537447,0.00993263142781,0.0100417861419,0.010107036773,0.01013370484,0.0101275049454,0.0100941169542,0.0100388783399,0.00996659452143
0.00277408897613,0.00272757937515,0.00267820736818,0.0026253624648,0.00256804992914,0.00250436209011,0.0024301285582,0.00233550514672,0.00220082175315,0.00197223921299,0.0020499711554,0.00214041390693,0.00211271988971,0.00200424561581,0.0014793839462,0.00161470248081,0.0018586448692,0.0018618612741,0.00172212432465,0.00153521210902,0.00154892473277,0.00211791882971,0.0025477090321,0.00287096937663,0.00309419788012,0.00301397852835,0.00369060622574,0.00421593733218,0.00467420158962,0.00513119185453,0.00558924010238,0.00604333502026,0.00648946778255,0.00692341252718,0.00734010733231,0.00773386452579,0.00809887890394,0.00842980246656,0.00872227265369,0.00897331441681,0.0091815614586,0.00934727696006,0.00947219325563,0.00955922101822,0.00961209291529,0.00963500335606,0.00963229024933,0.00960818442975,0.00956663407203
0.00277686798825,0.00272987386278,0.00267976066848,0.00262606896314,0.00256828264607,0.00250570245365,0.00243715525447,0.00236107499255,0.0022783182195,0.0022033229736,0.00218014732208,0.00217484290838,0.00213775232038,0.00205752416875,0.00195881122393,0.00191508179062,0.00183477432033,0.00178029307708,0.00171342984109,0.00168689897805,0.00139493695287,0.00211888420167,0.00253845532504,0.00287338055584,0.00315457456288,0.00342139293691,0.00376928246379,0.00416607908814,0.00456564688227,0.00496817312942,0.00537336813184,0.00577781112088,0.00617734431872,0.00656758847556,0.00694389832341,0.00730145047293,0.00763550002341,0.00794171630719,0.00821651571542,0.00845732905637,0.00866276151537,0.00883262707959,0.00896786382883,0.0090703564795,0.00914270367608,0.00918796865154,0.00920944513918,0.00921045961232,0.00919421975554
0.00277917621029,0.00273148123518,0.00268020013029,0.0026248964607,0.00256542932148,0.0025022670103,0.00243659955757,0.00237053962008,0.00230893894151,0.00225975281602,0.00222623035685,0.00219750334926,0.0021578934698,0.00209316134883,0.00198174179523,0.00192372663649,0.00189541277364,0.0017868848253,0.0017456956326,0.00184361722778,0.00186718806507,0.00208434117245,0.00255686674119,0.00288518145855,0.00317731844453,0.00346507096377,0.00377464390181,0.00410930761198,0.0044585571525,0.00481605452682,0.00517812605849,0.00554114644577,0.00590123014125,0.00625433850989,0.00659633977971,0.00692309863007,0.00723063762361,0.00751534742299,0.00777420269457,0.00800494293627,0.00820618841646,0.00837747617985,0.00851921657686,0.00863258386243,0.00871936264067,0.00878177441447,0.0088223060169,0.00884355610681,0.00884810927627
0.00278132811157,0.00273275539493,0.00267976651907,0.00262152318819,0.00255759614288,0.00248913638362,0.00241961896256,0.00235186247201,0.00229197934095,0.00225372541845,0.00222380090699,0.00219099762019,0.00215922633981,0.0021088803465,0.00196667203844,0.00189991881041,0.00189822766183,0.00174344434322,0.00166758022494,0.00190742364313,0.00119714356019,0.00227468197016,0.00261019278357,0.00290322302401,0.00317859420194,0.00345295660549,0.00373792265542,0.00403766254529,0.00435011848875,0.00467152709673,0.00499827888391,0.00532689244022,0.00565385365679,0.00597558977086,0.00628850318677,0.00658904671955,0.00687384056846,0.00713981743539,0.00738437162263,0.00760548679073,0.00780182236597,0.00797274729393,0.00811831950802,0.00823921803917,0.00833664059207,0.00841218196638,0.00846770813681,0.00850523801719,0.00852684106626
0.00278375010955,0.00273434095487,0.0026793372104,0.00261675761478,0.00254395564142,0.00245998707144,0.00237523595614,0.00229381070572,0.0021825939604,0.00218857902918,0.00218135337573,0.00211778379664,0.00212253717739,0.00212077415593,0.00208652625912,0.0020374836017,0.0018944661538,0.00178197173085,0.00190730115429,0.00203231931634,0.00218406329569,0.00241461762184,0.00266782730885,0.00291778142859,0.00316576972544,0.00341797137083,0.00367998883885,0.00395400890453,0.00423887791536,0.00453188653079,0.00483001372634,0.00513025052086,0.00542958057657,0.00572494811023,0.00601327733129,0.00629153655828,0.0065568337057,0.00680652848174,0.00703834479752,0.00725046724798,0.00744160870843,0.00761104128854,0.0077585888578,0.00788458486666,0.00798980326523,0.0080753724567,0.00814268242014,0.00819329381106,0.00822885562302
0.00278692761503,0.0027371520044,0.00268064261767,0.00261378278482,0.00252856229336,0.00240446196683,0.00224399092707,0.00221802812528,0.00185132722302,0.00211979220351,0.00214117971289,0.001392073476,0.00203341630175,0.00208736590068,0.00213016770949,0.00211384486078,0.00204790156259,0.00193049617953,0.0018370377261,0.00191438736088,0.00226008312021,0.00248582002441,0.00270117310001,0.00291664701218,0.00313574247998,0.00336394848187,0.00360554385749,0.00386007512864,0.00412440310268,0.00439544791046,0.00467065381059,0.00494766010785,0.00522406863305,0.00549737784587,0.00576501116212,0.00602439040026,0.00627302949574,0.00650863395232,0.0067291947564,0.00693306704811,0.00711902594757,0.00728629496101,0.00743454592873,0.00756387287903,0.0076747448262,0.00776794413129,0.00784449745011,0.00790560569517,0.00795257816458
0.00279124272874,0.00274205104032,0.00268569298587,0.00261791982697,0.00252795687975,0.0023729113322,0.00170132245382,0.00221223953765,0.00221521044385,0.00221052431599,0.00218986251629,0.00211666788353,0.00198377382485,0.00198024554503,0.00216270792159,0.00217456768453,0.0021467950277,0.00209742919505,0.00202252011565,0.00191078832672,0.00228839171719,0.00251488465583,0.00270661393624,0.00289202879465,0.00307988512223,0.00328346278574,0.00351162916315,0.00375570505347,0.00400672229305,0.00426142059227,0.00451845092997,0.00477651186305,0.0050339752116,0.00528891421644,0.00553921206086,0.00578267917124,0.00601716413494,0.00624065369558,0.00645135854144,0.00664778156063,0.00682876568835,0.00699351967881,0.00714162186853,0.00727300386098,0.00738791765861,0.007486890812,0.00757067452954,0.0076401894353,0.00769647293335
0.0027967773594,0.00274934486664,0.00269528291545,0.00263154117061,0.00255241161132,0.0024490356409,0.00234367654041,0.00231263674529,0.00228137027129,0.00224928293125,0.00223722020808,0.00221656550801,0.00217958279762,0.00218106969604,0.00221662925077,0.00222107175022,0.00220279497758,0.00217482950249,0.00213949750177,0.00212343624778,0.00234274909314,0.00252439555732,0.00268687603018,0.00283931330864,0.00297796023452,0.00314656663422,0.00339010342837,0.00364195607847,0.00388722698788,0.004129929083,0.00437236487592,0.0046148789602,0.00485669570305,0.00509641400969,0.0053322969046,0.00556246253255,0.00578502281637,0.00599818918811,0.00620035379184,0.00639014975562,0.00656649203784,0.0067285997299,0.0068760009534,0.00700852219294,0.00712626469391,0.00722957115873,0.00731898624464,0.00739521426681,0.00745907709808
0.00280323778589,0.00275858044241,0.00270828799733,0.00265092804329,0.00258519774655,0.00251233887686,0.00244088154812,0.0023736458075,0.00227592429588,0.00214288922182,0.00223810699078,0.00226970002551,0.00226684829969,0.00226314406422,0.00226163552171,0.00224943298247,0.00221830759649,0.00216704086142,0.00217450753205,0.00225698904215,0.00237372278068,0.00250515194888,0.00263987584175,0.0027633844478,0.00278741698351,0.00274407454925,0.00324858365164,0.00352801356628,0.00376951614865,0.00400171563178,0.00423168707647,0.00446121149508,0.00469011870351,0.00491734485698,0.00514139374448,0.00536058921536,0.00557323311894,0.00577771135188,0.00597256729492,0.00615655231737,0.00632865834058,0.00648813515623,0.00663449429109,0.00676750110047,0.00688715702521,0.00699367426074,0.00708744527712,0.00716900961766,0.00723902018854
0.00281007909482,0.00276888721847,0.00272282120696,0.00267143609103,0.00261481269199,0.0025540403873,0.0024900825932,0.00241595991116,0.00228748484216,0.00194113049965,0.00225294617888,0.00230631804716,0.00230888879126,0.00229962871623,0.00228484140542,0.00225955270272,0.00220632132993,0.00199701532985,0.00203067823924,0.00222656319871,0.00232980618255,0.00243155533727,0.00255111423941,0.0026861906373,0.00275699511502,0.00284095668816,0.00317222028643,0.0034286188797,0.00365668145124,0.00387689657669,0.0040954486969,0.00431401263495,0.00453241723865,0.00474962470214,0.00496419694035,0.00517455190789,0.00537911368019,0.00557640350436,0.0057650966753,0.00594405846415,0.00611236578571,0.00626931782534,0.00641443727429,0.0065474633289,0.00666833764294,0.00677718463436,0.00687428773638,0.00696006325265,0.00703503340327
0.0028167536624,0.00277949876013,0.00273752044498,0.00269088270106,0.00263997647759,0.00258541200471,0.00252718014158,0.00246272499747,0.00238797299147,0.00232948262213,0.00233352542576,0.00234012105405,0.00233091588159,0.00231251214055,0.00228826700573,0.00225589810173,0.00220218549435,0.00209573077638,0.00202028995622,0.0021053534019,0.00219421887433,0.00224897881865,0.00234274090529,0.00259700974621,0.00275778825637,0.00292385707731,0.00312669814118,0.00333796817904,0.00354628995224,0.0037536223895,0.00396193979403,0.00417162124128,0.0043819276501,0.0045915332782,0.00479888237705,0.00500239391562,0.00520056927652,0.00539204704376,0.00557563151645,0.00575030830292,0.00591525262698,0.00606983223483,0.00621360533413,0.00634631368464,0.00646787113516,0.00657834821477,0.00667795366395,0.00676701395845,0.00684595191946
0.00282299654163,0.00279008247903,0.00275185709719,0.00270880513569,0.00266147879158,0.00261048180585,0.00255647486165,0.00250066708238,0.0024471555356,0.00240576174948,0.0023811910297,0.00236168754434,0.00233701629281,0.00230549979061,0.00226993608238,0.0022338191411,0.00219118544403,0.00210303795239,0.00184038985657,0.00201045942084,0.00209195249495,0.00220788511147,0.00228378778642,0.00248795832383,0.00267648805325,0.00286452266825,0.00305047954966,0.00323948461365,0.00343192315206,0.00362831899976,0.00382873215091,0.00403222087398,0.00423716350659,0.00444171494971,0.00464408739699,0.0048426637781,0.00503602387977,0.00522293932828,0.00540236295395,0.00557342051239,0.00573540535951,0.00588777440931,0.00603014352847,0.00616228104737,0.00628409872244,0.00639564005838,0.00649706632407,0.00658864086509,0.00667071244375
0.00282916235345,0.00280087294752,0.00276597558868,0.00272550611467,0.00268012729649,0.0026303192102,0.00257677577421,0.00252152526962,0.0024697916443,0.00242846459286,0.0023971460658,0.00236642277111,0.00232756818445,0.00227688420582,0.00221854686404,0.00217394219371,0.00215350644868,0.00213478587937,0.00212603587491,0.00215611585362,0.00221093471438,0.00227117119574,0.00228723218669,0.00204699487166,0.0025493135489,0.00276972910156,0.00294997472332,0.00312623501206,0.00330760073655,0.00349674667567,0.00369304024322,0.00389406156756,0.00409697756233,0.00429927911123,0.00449895195994,0.0046944088006,0.00488438069857,0.0050678327969,0.00524391175159,0.00541191675374,0.00557128485069,0.00572158357474,0.00586250631728,0.00599386774365,0.00611559783396,0.00622773399589,0.00633041124869,0.00642385081154,0.00650834760383
0.00283657778919,0.00281267233648,0.00278050193936,0.00274174731618,0.00269703025034,0.00264620629495,0.00258851174147,0.00252362123688,0.00245792902942,0.00241293814277,0.00238883576838,0.00235789424713,0.00230704635753,0.00222843877542,0.00210540289684,0.0020094165089,0.00205664882059,0.00209030680115,0.00212706884526,0.00216992740513,0.00221395206624,0.00225352463929,0.00226899443308,0.0022677512531,0.00247890925562,0.00266658842222,0.00283114588288,0.00299417387113,0.00316712925836,0.00335400219909,0.00355203062762,0.00375585560016,0.00396087749624,0.00416399103348,0.00436320427775,0.00455718933715,0.00474499345962,0.00492588275923,0.00509926507305,0.00526465524911,0.00542166166835,0.00556998237969,0.00570940462777,0.0058398045464,0.00596114546802,0.00607347425716,0.00617691562784,0.00627166471572,0.00635797833478
0.00284745788263,0.00282662423549,0.00279631745509,0.00275860669298,0.00271388443306,0.0026610032418,0.00259614584623,0.00250881441435,0.00237806554652,0.00231444177145,0.00235902885238,0.00234494073321,0.00228675839123,0.00218312121944,0.00197993692011,0.00167926810247,0.00188583354813,0.00195990909695,0.00204984080003,0.00211859212321,0.00215594234406,0.00218055154661,0.00220920462525,0.00225871896418,0.00239285542585,0.00254698046766,0.00268909946596,0.00283355815747,0.00299972125371,0.00319339152343,0.00340333260089,0.00361751879161,0.0038295259246,0.00403652293707,0.00423725199466,0.00443108303986,0.00461762782984,0.00479658995652,0.00496771270059,0.00513076718076,0.00528555613744,0.00543192251912,0.0055697580886,0.00569901001833,0.00581968474986,0.00593184903889,0.00603562843754,0.00613120363,0.00621880510866
0.0028637075363,0.00284368996514,0.00281423613008,0.00277718292594,0.00273263090657,0.00267881325069,0.00261002842855,0.00250650817593,0.00224262500599,0.00203264681291,0.00234195479395,0.00234211388166,0.00227911032344,0.0021664581202,0.00198099656995,0.00165216721981,0.00155252597746,0.00138915521255,0.00193367052763,0.00203970790071,0.00204943444258,0.00200486923981,0.00205437866054,0.00177851568614,0.00223728022293,0.00240160144584,0.00251195422937,0.00261907009928,0.00277973388538,0.00300585163114,0.00324720719374,0.00348162246198,0.00370537866512,0.0039186627881,0.00412220482886,0.00431663581771,0.00450238941488,0.00467972513059,0.00484877551168,0.00500959156772,0.00516218030224,0.00530653384786,0.00544265115888,0.00557055343482,0.00569029435201,0.00580196603931,0.0059057016136,0.00600167499601,0.00609009865081
0.00288537674692,0.00286413015267,0.00283469267749,0.00279819097244,0.0027545444849,0.00270229406513,0.00263759207727,0.00255170745937,0.00243581908649,0.00237410373057,0.00238733635801,0.00235902910168,0.00228914834418,0.00217769191594,0.00200157335407,0.00164444239268,0.00156999212647,0.0017450806388,0.00188733092484,0.00196477394265,0.00194143240087,0.00156709165249,0.00194536848752,0.00198789189054,0.00213432666331,0.00223711285161,0.00228246467797,0.00227012345661,0.0024255366498,0.00279080594584,0.00309290880023,0.00335525809545,0.0035930367898,0.00381325233502,0.00401972610213,0.0042147165275,0.00439960101644,0.00457522876446,0.0047421234466,0.00490060734151,0.00505088103888,0.00519307644247,0.00532729276079,0.00545362105569,0.00557216072442,0.00568303008579,0.00578637255814,0.00588235951407,0.00597119064623
0.00291082113439,0.00288746946637,0.00285763631397,0.00282174049261,0.00277965445319,0.00273064827935,0.00267349064653,0.00260770034085,0.00253917675417,0.00248440859333,0.00244191671035,0.00238887015474,0.00231361147157,0.00221137201102,0.00207644237394,0.00191356075084,0.00174028617468,0.00161484053025,0.0018077955798,0.00189250499192,0.00187653984175,0.00177760080293,0.00185875722163,0.00194639227127,0.00200479993356,0.00204494518602,0.00186094639737,0.00189359428802,0.00198121411877,0.00260837597819,0.00296378738477,0.0032495429701,0.00349844584439,0.00372360438887,0.00393164743452,0.00412626346585,0.00430963133947,0.00448309050193,0.00464748668855,0.00480336509194,0.00495108577731,0.00509089640358,0.00522297982947,0.00534748598613,0.00546455333133,0.00557432308176,0.00567694826531,0.00577259897798,0.00586146483841
0.00293819831123,0.00291291031989,0.00288267596587,0.00284747364826,0.00280717317527,0.00276154043275,0.00271052032782,0.00265503221284,0.00259797885291,0.0025425554226,0.00248653593719,0.0024224812364,0.00234437635879,0.00225028850399,0.00214238753956,0.00202514127722,0.00189129078784,0.00175952332189,0.00148878913899,0.00182988187425,0.00179492710389,0.00158859538208,0.00171335508374,0.00178316066223,0.00152230350613,0.00191162731769,0.00190564374161,0.00184930942211,0.00205689033932,0.0025105586812,0.0028797634481,0.00317441997162,0.00342676035352,0.00365246539971,0.00385941904036,0.00405197244225,0.00423270562967,0.00440322609644,0.00456457029232,0.00471742427124,0.00486225406041,0.00499938717384,0.00512906575358,0.00525148218003,0.00536680325012,0.00547518655477,0.00557679134007,0.00567178536862,0.00576034884008
0.00296634331143,0.00293973566068,0.00290932268013,0.00287488579574,0.00283627793025,0.00279342222628,0.00274644441157,0.00269586930419,0.0026425156584,0.00258647835746,0.00252570724712,0.00245622800768,0.00237422476518,0.00227919565609,0.00217934582854,0.00208505777308,0.00198433186516,0.00185897508827,0.00178305427325,0.00180383357735,0.00171437039474,0.00119767732194,0.00150283597841,0.00151678260644,0.00173808537816,0.00189184930745,0.001905426853,0.00193947068682,0.00144715365804,0.0024759099606,0.00284866532358,0.00313430397268,0.00338025947955,0.00360102847145,0.00380361658749,0.00399203049178,0.00416874937267,0.00433537786923,0.00449298582693,0.00464230307962,0.00478383882896,0.00491795847379,0.00504493484749,0.00516498321914,0.00527828551131,0.00538500707168,0.00548530813832,0.00557935143423,0.00566730689696
0.00299473981749,0.00296746333455,0.00293716282275,0.00290355865082,0.00286647194851,0.00282580419838,0.00278154768582,0.00273374953741,0.00268227832586,0.00262629979678,0.00256368846288,0.00249068617611,0.00240133320771,0.00228624357688,0.00215389982629,0.00209431998579,0.0020288621987,0.00185025796056,0.00159998570797,0.001772208905,0.00166901844427,0.00156559976583,0.00141155523096,0.00114229462519,0.00172893665614,0.0018962103117,0.00175733293914,0.00207027402997,0.0022915589199,0.00257722481954,0.00286816553948,0.00312616398554,0.00335746594049,0.00356853649763,0.00376373759802,0.00394599731199,0.00411731183314,0.00427906119963,0.00443221135129,0.00457744689975,0.00471526052718,0.00484601449545,0.00496998372251,0.00508738633033,0.00519840543986,0.00530320469205,0.00540193917152,0.00549476290305,0.00558183376526
0.00302323639918,0.00299582493851,0.00296591580656,0.00293322726077,0.0028975515694,0.00285872506129,0.00281658864553,0.00277089742123,0.00272112482672,0.00266613701116,0.00260373570974,0.00252978414937,0.00243506193471,0.00228717362835,0.0017264304769,0.0020486434237,0.00208180088509,0.0019819341679,0.00186860562142,0.00174489117497,0.00130892230483,0.00147795195702,0.00117668530485,0.00146378541776,0.00176442660321,0.0019208630756,0.00201749671103,0.00215340831046,0.00240854903777,0.00266413827037,0.00291002776554,0.00314042895629,0.0033540911182,0.00355270840314,0.00373837255408,0.00391286888326,0.0040775850336,0.00423356474512,0.00438158371918,0.0045222173906,0.00465589512698,0.00478294189773,0.00490360980203,0.00501810173425,0.00512658902634,0.00522922447344,0.00532615180164,0.00541751237868,0.00550344978109
0.00305183688525,0.00302469204882,0.00299541621898,0.00296374804995,0.00292946597729,0.00289235868203,0.0028521772535,0.00280855116218,0.00276084778353,0.00270795948945,0.00264797136462,0.00257747207276,0.00248961017591,0.00236858565743,0.00220885148847,0.00218576705345,0.00216291562491,0.00207165621955,0.0019201417906,0.00174300530362,0.00159932715299,0.00162120167248,0.00159152064185,0.00172658164357,0.00174478542912,0.00182246254245,0.00199239971852,0.0018418374858,0.00246858247173,0.00273427975814,0.00295983976349,0.00316898335174,0.00336549798399,0.00355068499612,0.0037256128551,0.00389126589776,0.00404849411417,0.00419799391907,0.00434031839589,0.00447589985276,0.0046050747711,0.00472810681988,0.00484520646414,0.00495654696604,0.00506227707496,0.00516253085658,0.005257435121,0.00534711486873,0.00543169711856
0.00308059252612,0.00305401001255,0.00302557084722,0.0029950427498,0.00296220832163,0.00292684133265,0.00288866767746,0.00284730528929,0.00280217837707,0.00275240529874,0.002696660291,0.00263302671652,0.00255911520119,0.00247442211558,0.00239058322931,0.00232680192948,0.00226153662059,0.00216007106597,0.00195559821265,0.00156747683374,0.00117034686664,0.00180979620233,0.00189424051041,0.00191953552134,0.0017238791841,0.0017921472785,0.00216077856845,0.0023436042403,0.00259085523945,0.00281603779214,0.00301847412545,0.00320807694718,0.00338815337154,0.00355975692284,0.00372343303654,0.00387964159053,0.00402881304943,0.00417133610605,0.00430754608117,0.00443772321192,0.00456209786759,0.0046808590329,0.00479416363581,0.00490214540094,0.00500492261455,0.00510260458473,0.00519529678922,0.00528310480535,0.00536613716049
0.00310955476561,0.00308375337553,0.00305631951101,0.00302705369692,0.00299575793685,0.00296221955706,0.00292618554451,0.00288732777141,0.00284520281808,0.00279921812267,0.00274863516625,0.00269269739212,0.00263112960916,0.00256540429975,0.00249971499081,0.00243625630807,0.00236751074625,0.00227970300114,0.00216092590955,0.0020503420425,0.0020004781125,0.00204926062494,0.00210509131219,0.00213407225788,0.00214493966696,0.00222239824777,0.00238061460742,0.00254832253907,0.00272716199149,0.00290880769031,0.00308516592749,0.00325525558766,0.00341934742405,0.00357755259185,0.00372989697924,0.00387643456041,0.00401726723729,0.00415252697617,0.00428235467718,0.00440688602454,0.004526244698,0.00464054079074,0.00474987227585,0.00485432795306,0.00495399087668,0.00504894168253,0.00513926150476,0.00522503434361,0.00530634884688
0.00313875722311,0.00311390031225,0.00308760899853,0.00305971807993,0.00303005914004,0.00299845147998,0.00296468866744,0.00292852359889,0.0028896585626,0.00284775377577,0.00280248066972,0.00275366574984,0.00270157007397,0.0026471847648,0.00259188800726,0.00253575788289,0.00247624086878,0.00241027309778,0.00234057703617,0.00228320841313,0.00225741564532,0.0022684190747,0.00229892944147,0.00233482182486,0.00238133432894,0.002458146924,0.00257048607605,0.00270428903133,0.00285034524603,0.00300258816229,0.00315598492357,0.00330778270011,0.00345668322797,0.00360197911002,0.00374322884221,0.00388015731339,0.00401260799543,0.00414050595382,0.00426382831773,0.00438258299688,0.00449679490393,0.00460649796471,0.00471173111833,0.0048125368334,0.0049089610689,0.00500105395555,0.00508887073511,0.00517247267848,0.00525192782699
0.00316821084671,0.00314442026236,0.00311937955726,0.00309295762102,0.00306502062901,0.00303542854168,0.00300403058277,0.00297066291806,0.00293515422072,0.00289734825287,0.00285715575056,0.00281464439832,0.00277014573329,0.00272427380629,0.00267767342511,0.00263054671647,0.00258264485935,0.0025345347501,0.00248987021322,0.00245626766051,0.00244155839074,0.00244814673753,0.00247202488924,0.0025092187546,0.00256131619909,0.00263349731338,0.00272731686284,0.00283863452714,0.00296203996502,0.00309289267973,0.00322745513564,0.00336307350589,0.00349802644302,0.00363119834357,0.00376184149515,0.00388944521402,0.0040136616972,0.00413425757353,0.0042510793388,0.00436402848622,0.00447304414624,0.00457809147436,0.00467915423963,0.00477623033197,0.00486932919687,0.00495847047202,0.00504368331837,0.00512500610414,0.00520248622164

