0.0326706152447,0.0321061965442,0.031500739406,0.0308500333488,0.0301501974156,0.0293985305554,0.0285945660544,0.0277408105745,0.0268407077212,0.0258815797471,0.0247999546382,0.0235945152758,0.0229267672845,0.0231333749892,0.023222875975,0.0229661473656,0.0221041232474,0.0200725965097,0.0221483582949,0.0229099606982,0.0249293236631,0.0280000490002,0.0292796494994,0.0597967733433,0.0949701876489,0.044602167328,0.0327122797434,0.0267271027298,0.0243030180034,0.0199076323602,0.0161151593382,0.0214195694117,0.0197656147101,0.0177668279339,0.0270380380701,0.0269687667112,0.0260769672437,0.0290800813087,0.0314907829636,0.0325807624504,0.0333546259528,0.0340069780009,0.0345942690586,0.0351366953796,0.0356429609691,0.0361176608456,0.0365637590668,0.0369834957587,0.0373787436174
0.032629555723,0.0320339078795,0.0313886661277,0.0306863350829,0.0299186292494,0.0290775380884,0.0281570960677,0.0271553559272,0.0260823558866,0.0249579744126,0.0235775415962,0.0207233186922,0.0168786029923,0.0216909916677,0.0225943333131,0.0226077926921,0.0217250788995,0.0187273455203,0.0217857960266,0.0223314208361,0.0223751452431,0.0229812851714,0.0321056022015,0.0389668630712,0.0419746906743,0.0368062307599,0.0308070152614,0.0261654706526,0.0246458640814,0.0230656055486,0.0224800253881,0.0222934592287,0.0207749105662,0.0199641490189,0.0236595893703,0.0249359218329,0.0264268645941,0.0287457932721,0.030688505938,0.032061092605,0.0330722886179,0.033881659544,0.0345706585739,0.0351800975865,0.0357315575512,0.0362373627185,0.0367051715035,0.0371401539723,0.0375460699288
0.0326227727724,0.0319994316145,0.031317885264,0.0305662214214,0.0297291726148,0.0287885879893,0.0277260596978,0.0265204016411,0.0251209705113,0.0237780820367,0.0227268368921,0.0204720475683,0.0153236008323,0.0207793483073,0.0218843692522,0.0222185914929,0.0217100197305,0.018183297346,0.0158452509124,0.0217718686082,0.0226928731378,0.0260181897546,0.0292896622521,0.0292724758384,0.0297714603577,0.0309956356203,0.0286416149547,0.0259159123762,0.0250529378264,0.0239994937217,0.0229825036619,0.0217832158273,0.0193082033106,0.0214137075514,0.0189013216847,0.020948052204,0.0236340440974,0.0280091162224,0.0303176968407,0.0318458118147,0.0329800709129,0.033882527764,0.0346381717113,0.0352942383501,0.0358780643656,0.0364062385165,0.0368893836503,0.0373346956538,0.0377473231641
0.0326546098165,0.0320092193774,0.0312982700772,0.0305048214403,0.0296038184102,0.0285581690725,0.0273193178842,0.0258543928073,0.0239228230964,0.0177612931921,0.0220598542454,0.0209472765581,0.0206019491543,0.020060214871,0.0202873864986,0.021823778934,0.0215037959746,0.0195465296517,0.0207542345821,0.020919498617,0.0197808130291,0.0254955231979,0.0278374141096,0.0285647670143,0.0283403104637,0.0291600752398,0.0276674621287,0.0253847502899,0.02638047815,0.0255585231695,0.0236418896944,0.0209964496995,0.0222695536516,0.0230699555629,0.0222413132678,0.0230469944571,0.0248500698571,0.0283171709345,0.0304710969812,0.0319647965811,0.0331088536079,0.0340356190083,0.0348161995378,0.0354929241647,0.0360922253304,0.0366312150712,0.0371213883966,0.0375707768547,0.0379852216864
0.032727943599,0.0320680521447,0.0313383583635,0.0305180198009,0.029572379151,0.0284372903586,0.0269716831867,0.0248830405995,0.0233137740371,0.0221314845879,0.0217385692106,0.0192395794924,0.0210917189068,0.0197111910833,0.0207461333661,0.0216343802173,0.0214539967092,0.0212955082456,0.0216378102659,0.0224144692563,0.0239380515943,0.0258443968376,0.0271767870581,0.0266632460642,0.027545216004,0.028561420947,0.0282142304982,0.0276284862499,0.027317207233,0.0267894756794,0.0259209920195,0.0249741911998,0.0248889870911,0.0251870595474,0.0255722646259,0.0264674697504,0.0278275188374,0.0295299850345,0.031094313102,0.0323839786513,0.0334469101748,0.0343408784613,0.0351088683326,0.0357810419754,0.0363784508953,0.0369159152533,0.03740404667,0.0378506187967,0.0382614780335
0.0328432095991,0.0321772026017,0.0314419076377,0.0306161299699,0.0296630369749,0.0285099212649,0.0269672782124,0.024042372421,0.0226967890259,0.0188537925226,0.0217163207182,0.0212917107389,0.0213510132849,0.0212829046253,0.0213951360803,0.0213250941001,0.0187936388397,0.0210602878525,0.0217247842653,0.022323394508,0.0244507538189,0.0261674633031,0.0271457659113,0.0273048135028,0.0278432927343,0.028470662322,0.0283925165056,0.0279794815239,0.0278995387741,0.0278382093878,0.0275451755933,0.0271942440834,0.0268634474386,0.0252733934122,0.0267010598513,0.0283467090376,0.0295374276562,0.030753877541,0.0319365702774,0.0330087441877,0.0339525911579,0.0347796630534,0.035508303978,0.0361557274303,0.0367361161708,0.0372606391434,0.0377379754726,0.0381748853563,0.0385766920542
0.0329976722355,0.032332779852,0.031604175199,0.0307947323924,0.0298753762223,0.0287955194702,0.0274707594653,0.0258401439502,0.0240547693772,0.0223299425294,0.0216362525874,0.0175602952682,0.0205475364364,0.0200242397152,0.0206957828652,0.0205736761707,0.0209090887128,0.0218838816169,0.021826295955,0.0231516548393,0.0250610017163,0.0265303109864,0.0273701140814,0.0279080447625,0.0283170184212,0.028553045599,0.0284026641088,0.0252731759298,0.0279410318287,0.0287273701954,0.0287911060021,0.0287017834749,0.0285080845567,0.0279584810282,0.0286722631117,0.0299198674515,0.0309305343544,0.0319047487904,0.0328558453109,0.0337537106863,0.0345784663876,0.0353257666317,0.0360000496853,0.036609022187,0.0371608415621,0.0376629673854,0.0381218226773,0.0385428004944,0.0389303941767
0.033185352199,0.0325251547824,0.0318103978643,0.031031179478,0.0301703337961,0.0292001106173,0.0280817619394,0.0267557375708,0.0249206236265,0.0223417456304,0.0222543611711,0.0187245325588,0.010731685385,0.0202950502088,0.0206812107765,0.0202991658692,0.0213039549874,0.0229988524263,0.023035574151,0.0246330766462,0.0260336719814,0.0269369771159,0.0273117694373,0.0278884420137,0.0283409189077,0.028144137981,0.0287188586482,0.0286482988813,0.0291710544437,0.0296741880918,0.0298424989756,0.029927211573,0.0300266136823,0.030214647328,0.0306958753366,0.0314255779244,0.0322154927633,0.0330149443291,0.0338058605601,0.0345684891721,0.0352872782332,0.0359543434846,0.0365681033845,0.0371307186768,0.0376460895042,0.0381186527655,0.0385527637109,0.038952424852,0.0393211993861
0.0333978608666,0.0327397841049,0.0320369923108,0.0312889899354,0.0304912609568,0.0296312291875,0.0286873462081,0.0276257789709,0.0264041767544,0.0251111960356,0.0235019132931,0.0189250556646,0.0212869175049,0.019927238169,0.0200881759709,0.0217727320972,0.0228254243395,0.0238293202906,0.0237372027658,0.0255291849029,0.02677573679,0.0273661505417,0.025779096293,0.0274534498168,0.0285671194602,0.0250002673406,0.0293509393959,0.0301267301476,0.0304361079157,0.030592493701,0.0306521251547,0.0308322154782,0.0311918426767,0.031636741516,0.0321617810831,0.032769844402,0.0334258965658,0.0340995636489,0.0347716324544,0.0354271009515,0.0360543050493,0.0366457706453,0.0371980070943,0.0377104909704,0.0381845508008,0.0386224970113,0.0390270486097,0.0394009954043,0.0397470182293
0.0336262777399,0.0329591509446,0.0322530470575,0.0315202471849,0.0307732807889,0.0300113654672,0.0292214627193,0.0283932492599,0.0275106069278,0.0265265493709,0.0252954777312,0.0238896156939,0.0234307311289,0.022330771476,0.019973431212,0.021419621581,0.0226427039929,0.0242240784082,0.0255930988602,0.0265585492629,0.0273797995843,0.0279874916152,0.0283030213188,0.029020093256,0.0297915729258,0.0301910498218,0.0308156804945,0.0312971324116,0.0314646275164,0.031283925371,0.0307639913237,0.0310283540591,0.0319954617831,0.0327696728687,0.0334025835395,0.033994280591,0.034580939057,0.0351674037065,0.0357485175469,0.0363166012662,0.0368642831302,0.0373859093093,0.0378780017721,0.038339059868,0.0387690763826,0.0391690306406,0.0395404764345,0.0398852491161,0.0402052753336
0.0338644606625,0.0331664562359,0.0324203654366,0.0316560827788,0.0309273118404,0.0302475742905,0.02957446168,0.0289320330244,0.0283485820234,0.0277043154074,0.0268897286086,0.0259189061899,0.0249599691948,0.0241966599993,0.0233476470989,0.0208149882778,0.0232256645968,0.0223137934149,0.0264560573334,0.0263449445726,0.0273234696042,0.0279889660651,0.0287654911763,0.0299844475179,0.0310034656114,0.0316773362498,0.0321775595268,0.0324986028829,0.0325222111627,0.0319104960248,0.0281758367632,0.0293121695468,0.0326640136705,0.0338519881914,0.0345822252382,0.0351711119317,0.0357107127428,0.036230353064,0.0367373793955,0.0372310669321,0.0377081039482,0.038164982147,0.0385990073784,0.0390085876758,0.0393931550255,0.0397529423229,0.0400887393742,0.0404016835443,0.0406931009209
0.0341142840737,0.0333548691045,0.0324985613986,0.0315657395849,0.0307625444501,0.0302205956517,0.0295680099156,0.0289074230256,0.0288404684027,0.0286653052677,0.0281385916991,0.0270167519379,0.0226745622272,0.0227323513781,0.0242351036935,0.0196112021988,0.021835103162,0.0265100923528,0.0280741082276,0.0282059058836,0.0285622961068,0.0244615899161,0.0217433124024,0.0306106705777,0.0321753009474,0.0329681684499,0.0334838651052,0.033782723623,0.0338031605161,0.0333141229705,0.0316558788518,0.0318064424504,0.0340190767565,0.0351092019967,0.035806678362,0.0363560522611,0.0368431102418,0.0373008941954,0.0377415226082,0.038168175701,0.0385803300228,0.0389762368081,0.0393541065804,0.039712617231,0.0400510576647,0.0403692890455,0.0406676318868,0.0409467384211,0.0412074782767
0.0343908620526,0.0335456676818,0.0324998036135,0.0309806690404,0.0292054131326,0.0298697197423,0.0291928462608,0.0220219073789,0.0289589296811,0.0294858004748,0.0293157404909,0.0286260276239,0.0275376613872,0.0271166590127,0.0263623617418,0.0222187812132,0.0257390599819,0.0285580097057,0.0301100333303,0.0307832569013,0.0310913564243,0.0311216827256,0.0313708998705,0.0324480709836,0.0335099772415,0.0342908814008,0.0348393194304,0.0351763587343,0.0352990817065,0.0351915863681,0.0349744947222,0.0351860663751,0.0358804072512,0.0365559498619,0.0371074648803,0.0375748105731,0.0379946966395,0.0383877802016,0.0387639195953,0.0391269063229,0.0394774272659,0.0398147955528,0.0401379201688,0.0404458086001,0.0407377861804,0.0410135520066,0.0412731499581,0.0415169038072,0.04174534439
0.034721281762,0.0337868632445,0.0325833901275,0.030788750407,0.0277367364086,0.0298362369447,0.0295324856127,0.0288852989622,0.0294574240463,0.0302076713911,0.0303847271493,0.0300020737073,0.0297618937711,0.0303637966743,0.0306570003252,0.0304106357182,0.0297612287441,0.0312605570127,0.0321841329202,0.0328185996987,0.0332556219504,0.0335103733391,0.0336808803561,0.0338968648178,0.0347199877742,0.0356481385772,0.036276421801,0.0366691447235,0.0368875627718,0.0369868284226,0.0370692733196,0.0372773612284,0.0376395581749,0.0380565990987,0.0384574780969,0.0388268087062,0.0391699324927,0.0394944954848,0.0398057104776,0.0401061613665,0.0403966098403,0.0406768014639,0.0409460544754,0.0412036302065,0.041448934387,0.041681602676,0.0419015149347,0.0421087710064,0.0423036498193
0.0351408289079,0.034115162662,0.0326380196485,0.0309320203666,0.0305950674119,0.0301024633752,0.0285176773931,0.0291379477599,0.0256970594477,0.03077176688,0.0312948746036,0.0298534026747,0.0257328053202,0.0323370035914,0.0346925730839,0.0352440411456,0.0348361442411,0.0339632151315,0.0330435622341,0.034487482658,0.0351373466454,0.0353981164077,0.0352309006384,0.0312020025651,0.0354087864329,0.0371053464543,0.0378301768014,0.0382546060901,0.0385180577325,0.0386916240644,0.0388414076625,0.0390263830002,0.0392670440261,0.039542809425,0.0398259448173,0.0401016665226,0.0403662292039,0.040620486111,0.0408661100852,0.0411042287289,0.0413352128207,0.0415588657409,0.0417746858153,0.0419820840606,0.0421805294384,0.0423696280834,0.0425491534435,0.0427190447125,0.0428793876315
0.0356961858786,0.0346569717564,0.0328032217091,0.0203256036121,0.030989624547,0.0302205398408,0.0283253752459,0.0301448808512,0.0303369796703,0.0316557932209,0.0327367739121,0.0317487886007,0.0334342913733,0.035656770522,0.0397641726889,0.0406183832575,0.0390429872211,0.0355122556818,0.0339585736804,0.0360816977439,0.0368535827612,0.0370593895119,0.0370982425076,0.0368116264534,0.0378094843973,0.0389156593077,0.0395484895761,0.039939045248,0.04019314326,0.0403702387006,0.0405153387985,0.0406622343432,0.0408272315954,0.0410093211976,0.0411997952328,0.0413910689855,0.0415792878913,0.0417632909437,0.0419430655827,0.0421187893799,0.042290444638,0.0424577592516,0.0426202828656,0.0427774935405,0.0429288887373,0.0430740463892,0.0432126568768,0.0433445324368,0.0434696015468
0.0364061559138,0.0355398111339,0.034359061624,0.0331178078513,0.0324692646981,0.0292457968418,0.0303235592554,0.0317428205466,0.0307256921084,0.0310712467369,0.0347054823779,0.0364522846706,0.0376117549019,0.0370985357889,0.0495684210144,0.0439744179416,0.0450357692558,0.0385532758066,0.0306477050331,0.0376663761011,0.0383934462224,0.0377196151798,0.0385172341869,0.0396538225722,0.0403645545318,0.0409728160384,0.0414185327446,0.0417203610738,0.0419220706804,0.0420612052525,0.0421676811299,0.0422636321206,0.0423619876221,0.0424669887227,0.0425775637881,0.042691120749,0.0428056348534,0.0429200517871,0.0430339477949,0.0431471204189,0.0432593401505,0.0433702622047,0.0434794354818,0.0435863523903,0.0436905047237,0.0437914289084,0.0438887354072,0.0439821230886,0.0440713818577
0.0372182806479,0.0365628533803,0.0358187360207,0.0350712401498,0.0343233672933,0.0334187871879,0.0331527145682,0.033042477166,0.0323419206461,0.0336993820383,0.0364768182195,0.0392431685691,0.0427377075503,0.0518102289866,0.0850101318598,0.0902251784066,0.0510758013026,0.0440224529591,0.0412066943634,0.0390452524617,0.0398006500512,0.0385154862847,0.0403061707469,0.0420226156999,0.0426892492067,0.043104714303,0.04339185839,0.0435839734565,0.043706430741,0.0437819683972,0.0438295382388,0.0438636948037,0.0438941781241,0.0439261848176,0.0439616066513,0.0440006249359,0.0440428938273,0.0440880766244,0.0441359372767,0.0441862615679,0.0442387721431,0.0442930915128,0.044348750218,0.0444052204788,0.0444619571868,0.0445184347756,0.0445741747047,0.0446287624943,0.0446818555349
0.0380663555618,0.0375702244791,0.0370386687794,0.0364970815408,0.0359555919665,0.035428388043,0.0349222670617,0.034005716134,0.0296465526381,0.0336502135321,0.0375261440855,0.0408191805264,0.0453260837062,0.0545785460574,0.0818550559115,0.0859249408758,0.0570784569683,0.047592768387,0.0431118866541,0.0410492260517,0.0425482416302,0.0435397303744,0.0440881864704,0.0446857504581,0.0450704481466,0.0453022068341,0.0454395680425,0.0455126671578,0.045540678354,0.045537426289,0.045513477785,0.0454773724037,0.0454358820404,0.045393871998,0.0453544153834,0.0453192378089,0.0452892280186,0.0452648049643,0.0452461072292,0.0452330681881,0.0452254465558,0.045222852236,0.0452247801224,0.0452306501592,0.0452398477122,0.0452517590596,0.0452657990959,0.0452814304845,0.0452981749364
0.0389147698662,0.0385348959341,0.0381361379978,0.0377277272228,0.0373117628656,0.036871311468,0.0363179341246,0.0353292076655,0.03279693047,0.0342406866614,0.0377737946899,0.0409790968549,0.0443109064848,0.0420510744233,0.055622816493,0.0576852330861,0.0519372649644,0.0471180242888,0.0426524592275,0.0456506913688,0.0467345635122,0.0471114746097,0.0472642670682,0.0474061786263,0.0475163822621,0.0475578387015,0.0475400548432,0.0474866595456,0.0474132308997,0.0473249502504,0.0472233801826,0.0471113529827,0.0469933322877,0.0468740458497,0.0467574503109,0.0466464004669,0.0465427445221,0.0464475526241,0.0463613288196,0.0462841672537,0.0462158619388,0.0461559883507,0.0461039693909,0.0460591312663,0.0460207506667,0.0459880931372,0.0459604425524,0.0459371221358,0.0459175080064
0.0397499221375,0.0394595975191,0.0391566592214,0.0388424974747,0.038510516507,0.0381343275082,0.0376405041224,0.0368372360212,0.0347883423995,0.032865301511,0.0350966438449,0.0402672934901,0.0429472206776,0.0449243059972,0.0484959244839,0.0497121695291,0.0473935205949,0.0449003653155,0.0489774242816,0.0504506472695,0.0508960149423,0.0504218113639,0.0500506449947,0.0499733919784,0.0499598984843,0.0498407972546,0.0496587032479,0.0494731992602,0.0493037374069,0.0491371427785,0.0489596989354,0.0487690761542,0.0485699471716,0.048368702382,0.0481709511323,0.0479808283609,0.0478010559801,0.0476332280321,0.0474781059978,0.04733585878,0.0472062418131,0.0470887280954,0.0469826051975,0.0468870485059,0.0468011771034,0.0467240961159,0.0466549279991,0.0465928346317,0.046537031841
0.0405673125566,0.0403500095545,0.0401228352508,0.0398827775899,0.0396191496124,0.0393067307118,0.0388971250828,0.038313747731,0.0374957343316,0.0370302809179,0.0370276246031,0.0400718741423,0.041681143159,0.0349303285805,0.0457233416162,0.0463899017102,0.0395600990587,0.048544182677,0.053354282891,0.0564403918596,0.0560334205216,0.0507900756969,0.0509813734364,0.0520521141831,0.0523862938938,0.0521174534186,0.0517173114162,0.0513968555941,0.0511761205231,0.0509661523833,0.0507248580252,0.0504545041068,0.0501683705211,0.0498785847367,0.0495939357345,0.0493202143209,0.0490609508776,0.0488180712787,0.0485923959009,0.0483839982892,0.0481924566842,0.0480170292503,0.0478567768141,0.0477106497972,0.0475775503644,0.047456376886,0.0473460553265,0.0472455606996,0.0471539308695
0.0413656500273,0.0412109519247,0.0410482200944,0.0408719941036,0.0406691065835,0.0404120535388,0.0400480365694,0.039492129769,0.0387909011799,0.0385718028457,0.0362410357643,0.039704223313,0.0423336098372,0.0435038797854,0.0451271705444,0.0449374171913,0.041793208221,0.0516673725505,0.0590753500468,0.0677034918157,0.0686359506929,0.0605464156495,0.0532121088154,0.0546717732844,0.0549659491365,0.0543416864796,0.053432240775,0.0530209330168,0.052979603028,0.0528203498794,0.0525316919211,0.0521752662093,0.0517914466664,0.0514033010102,0.0510239755204,0.0506609020584,0.0503180856217,0.0499974123534,0.0496994384056,0.0494238842433,0.0491699521162,0.0489365334608,0.048722346287,0.0485260272795,0.0483461940527,0.0481814872536,0.0480305986718,0.0478922893666,0.0477654005274
0.0421445005213,0.0420456937987,0.0419410053444,0.0418240197978,0.0416804120213,0.0414785377468,0.0411393674233,0.0403858360532,0.0370300862736,0.0385549640848,0.0400191543633,0.0415327889592,0.0431899444553,0.0442744614886,0.0450878854273,0.0435671995141,0.0466788273412,0.0544744487393,0.0574122937766,0.0982867743382,0.108560737755,0.0743307834128,0.0599074874362,0.0566398450857,0.0578568718478,0.0565441617152,0.052910616277,0.0535026711893,0.0547836620168,0.0547675769166,0.0544108837264,0.0539425565477,0.0534411514735,0.0529404259331,0.0524565440431,0.0519974208181,0.0515666563609,0.0511654473365,0.0507936108065,0.050450169041,0.050133697826,0.0498425396701,0.0495749366846,0.0493291142993,0.0491033341493,0.0488959271709,0.0487053136753,0.0485300146488,0.0483686570138
0.0429033068064,0.0428557653209,0.0428053091434,0.0427461682382,0.0426661191512,0.0425389640437,0.0423026043118,0.0417839952233,0.0406557927345,0.041156622431,0.0423619746546,0.0431238187548,0.0435351609703,0.0435139826367,0.0446808772162,0.0444859406154,0.0498458923888,0.057810780801,0.0698625873187,0.105341958865,0.11746173695,0.078966304116,0.0666587073191,0.0625485154204,0.0615034901693,0.0596790844232,0.0556255023976,0.0560127103768,0.0571378964536,0.0569340625332,0.0563963969924,0.0557632716866,0.0551147643078,0.0544835845027,0.0538840080319,0.0533219283804,0.0527990824032,0.0523150589011,0.0518683307842,0.051456812704,0.0510781721831,0.0507300065439,0.0504099441908,0.0501157020932,0.0498451173582,0.049596163199,0.0493669553541,0.049155752583,0.0489609534518
0.0436410452187,0.0436410323184,0.0436417005917,0.0436390805622,0.0436256706395,0.0435882569871,0.0435064344201,0.0433680075708,0.043275468963,0.0435096669719,0.0439353101865,0.0441006441373,0.0432517017048,0.0392684064712,0.042835525822,0.0481359045601,0.0526963006635,0.0586257887965,0.0671335671222,0.077631131395,0.0806171001471,0.073349249512,0.069032604281,0.0673632629107,0.0657100483033,0.0638919341647,0.0620090341096,0.0608116208873,0.0601057615559,0.0593333748468,0.0584847912603,0.0576273925155,0.0568000670902,0.056020370208,0.0552946620885,0.0546237554654,0.0540057986284,0.0534377343708,0.0529160396211,0.0524370997875,0.0519973956089,0.0515935926076,0.0512225794339,0.0508814792948,0.0505676473459,0.0502786609959,0.0500123068992,0.0497665666751,0.0495396024318
0.0443562802951,0.0444001575599,0.0444482437094,0.0444984196739,0.0445474677006,0.0445919053516,0.0446319981177,0.0446836944431,0.0447933317823,0.0449979379117,0.0452087995514,0.045138882882,0.043971171304,0.039163546672,0.0423895688403,0.0483600282069,0.053064708275,0.055321882431,0.0635675819629,0.0706447250716,0.0739211830537,0.0696690039873,0.0711980026433,0.0721095005783,0.0704483959616,0.0683826763788,0.0663704688943,0.0646266477515,0.0631546724849,0.0618397046975,0.0606256550386,0.0595036906874,0.0584732883707,0.0575313929645,0.0566723378437,0.055889293305,0.0551752741802,0.0545236410067,0.0539282975775,0.0533837374532,0.052885023311,0.0524277401776,0.0520079414466,0.0516220959634,0.0512670395255,0.0509399318637,0.0506382191177,0.0503596013556,0.0501020045122
0.0450474585673,0.0451313902223,0.0452222740428,0.0453189845453,0.0454202347338,0.0455257178625,0.0456387198981,0.0457696402424,0.0459341254979,0.0461331692724,0.0463173927479,0.0463591281589,0.046063252477,0.0454843130255,0.044954953996,0.0464320375998,0.0536225235436,0.056243976305,0.0633857831869,0.0703219583385,0.076249370101,0.0804358672505,0.081462746635,0.0793873759913,0.0762702931496,0.0733167644907,0.070648990611,0.0682648469249,0.0661727158396,0.0643485852038,0.0627521945182,0.0613464246674,0.0601008905745,0.05899100564,0.0579968774837,0.0571023760595,0.0562943346616,0.0555618969093,0.0548960102543,0.0542890438672,0.0537345016808,0.0532268048814,0.0527611246497,0.0523332517288,0.0519394935436,0.0515765923226,0.0512416594473,0.0509321224331,0.0506456817816
0.0457132449259,0.0458333347223,0.0459620120853,0.04609804813,0.0462396974197,0.0463850469283,0.0465328321066,0.0466837651974,0.0468421777038,0.0470160068156,0.0472043043507,0.0473723134409,0.0474867927869,0.0475909880069,0.047240415404,0.0489857473205,0.0551098009741,0.0597866262315,0.0650878826159,0.0719089152951,0.0829345858913,0.0990840778581,0.10084580752,0.0900376472846,0.0833267125448,0.0789363520188,0.0752522594518,0.0719779146221,0.0691589159494,0.0667876339484,0.0647949145743,0.063101804044,0.0616428626876,0.060369249329,0.0592454012753,0.058245154533,0.0573487885642,0.0565410350769,0.0558097817768,0.055145222515,0.0545392842826,0.0539852271352,0.0534773556179,0.0530108051528,0.0525813808878,0.0521854344349,0.0518197685735,0.051481562873,0.0511683150908
0.0463527254887,0.0465053609489,0.0466672763802,0.0468363312183,0.0470087347385,0.047178080966,0.0473338410255,0.047460172416,0.0475417032098,0.0475974460008,0.0477166969952,0.047891909268,0.0479566576038,0.0478596178726,0.0481959185761,0.0509330677589,0.0565895537086,0.0604372694792,0.0646353610029,0.0674912422799,0.0877760073209,0.157502592415,0.148422025363,0.100750039746,0.091156318397,0.0857529250949,0.0805130673279,0.0758252253913,0.0720436920613,0.069062117046,0.0666738355174,0.064710413775,0.0630561603951,0.061634521842,0.0603941422264,0.0592993346372,0.0583242814773,0.0574496136183,0.0566603655704,0.0559447037052,0.0552930948096,0.054697736533,0.0541521527802,0.0536508989088,0.0531893432629,0.0527635033434,0.0523699217771,0.0520055715771,0.0516677830903
0.0469654010825,0.0471475566807,0.0473392531523,0.0475371999487,0.0477351135208,0.0479210995644,0.0480721503072,0.0481423494573,0.0480412459962,0.0476642095129,0.0474708740636,0.0477902287604,0.04719733034,0.0454955442439,0.046550141485,0.0535114587036,0.058340656659,0.0610061966342,0.0624246430794,0.0736630665327,0.0871571583165,0.110254961242,0.113968078714,0.103639833926,0.102163158227,0.0964878308803,0.0869328533321,0.0796156050773,0.0746086800358,0.0710245176926,0.0682960577351,0.0661120149668,0.0642994350161,0.0627568834937,0.0614205785685,0.0602475652053,0.0592072407128,0.0582768911037,0.0574391653825,0.0566805244895,0.0559902182722,0.0553595760128,0.0547814992908,0.0542500932581,0.0537603958361,0.0533081773653,0.0528897913327,0.0525020622749,0.05214220081
0.0475510072269,0.0477603388048,0.0479796465441,0.0482048835333,0.0484281463755,0.0486339013444,0.0487900149215,0.0488224200836,0.0485191130892,0.0468910140793,0.042166777478,0.0475438392324,0.0449264004556,0.0461583245969,0.0399021323742,0.0546229117862,0.0604988391745,0.0649707606553,0.0697158488658,0.0759387015137,0.083474161916,0.0913549311913,0.0969107841911,0.106160224183,0.141804098433,0.121456291774,0.0935161717315,0.0824490934464,0.076449259788,0.0725001699719,0.0695777677391,0.067258327879,0.0653397221195,0.0637115379201,0.0623053808228,0.0610746652226,0.0599857391841,0.059013476202,0.058138736493,0.0573467166863,0.0566257999201,0.0559667307225,0.0553620174711,0.0548054987501,0.0542920282466,0.0538172451067,0.0533774056724,0.0529692592188,0.0525899552453
0.0481092686292,0.0483439524281,0.0485896491342,0.0488423676904,0.0490943843139,0.049330781527,0.0495216009971,0.0496014590339,0.0494064157074,0.0484801540218,0.0475536514012,0.0488100013289,0.0475733917656,0.0490960244181,0.0531021042603,0.0577565610668,0.0630003094666,0.0682572395178,0.0729943594926,0.0772060738138,0.0820515969523,0.0855322250805,0.0883266548519,0.099828683269,0.14712994001,0.122844007001,0.0934997479307,0.0829202183229,0.0772356991126,0.0734072771754,0.0704911430892,0.0681297483297,0.0661580281319,0.0644807946077,0.0630333723313,0.0617683485631,0.0606501397488,0.0596518921183,0.0587532555006,0.0579386809026,0.057196133866,0.056516146405,0.0558911322726,0.0553148980574,0.0547822954637,0.054288973495,0.0538312006697,0.0534057361798,0.053009735313
0.0486397123577,0.0488981073175,0.049169223101,0.0494499250667,0.0497343435246,0.0500118915897,0.0502637987062,0.0504579513666,0.0505490868397,0.0505389515878,0.0506599170976,0.0508611145688,0.0497445454335,0.0515491709642,0.0557381614696,0.0596457314632,0.0651558265486,0.072195114655,0.0786040473939,0.0746872752496,0.0847415466544,0.0836337964392,0.0811494889199,0.0857146591549,0.0957634858047,0.094390066385,0.0871373508307,0.0814258067129,0.0772468883888,0.0738975430292,0.0710972667894,0.0687388186877,0.0667470185393,0.0650521550953,0.0635928371107,0.0623193296995,0.0611935351306,0.0601870771701,0.0592789627644,0.0584535375587,0.0576989268287,0.0570059221349,0.0563672103879,0.0557768461006,0.0552298901052,0.0547221604214,0.054250058369,0.0538104453045,0.053400553661
0.0491416236003,0.0494219165065,0.0497170373534,0.0500251259734,0.0503428513993,0.050664879263,0.0509837068421,0.0512916093154,0.0515898248186,0.0519102956855,0.0523162190958,0.0528204013648,0.0534968819121,0.0549078999437,0.056695450469,0.0565956778083,0.0656490087997,0.0765198551602,0.0978527854307,0.123565386033,0.0936838799975,0.0834078451012,0.0805375393938,0.081183051775,0.0831374857873,0.0835892506775,0.0824009471949,0.0802606055519,0.0774036995817,0.0743262757227,0.0715036238994,0.0691006798362,0.067095707476,0.0654120113665,0.0639736861464,0.0627212961718,0.061612261753,0.0606169413379,0.0597146112439,0.0588904510581,0.058133520779,0.0574354598836,0.056789660093,0.0561907369525,0.0556341877542,0.0551161659198,0.0546333288557,0.0541827327954,0.0537617581767
0.0496141516185,0.0499141344241,0.0502310192424,0.0505641714267,0.0509124703355,0.0512745385653,0.0516496797451,0.052040409035,0.0524574429202,0.052925062424,0.05347904593,0.0541628802348,0.0550542856159,0.0562275664165,0.0574043207445,0.0579086778241,0.0651623966753,0.0757854463054,0.101484599152,0.148431178846,0.0933537026739,0.0806131508879,0.0768717778491,0.0761463577739,0.0768982813502,0.0787906794716,0.0813924791194,0.0818747933774,0.0788680028445,0.0749914769529,0.0717207224258,0.0691700785609,0.0671663725086,0.0655393497471,0.0641670439023,0.0629719598446,0.0619069631384,0.0609431213871,0.0600619368601,0.0592509037781,0.0585010460069,0.0578055473209,0.0571589746505,0.0565568257318,0.0559952574005,0.055470916691,0.0549808318494,0.0545223391508,0.0540930316888
0.0500565042899,0.0503735451521,0.0507091448038,0.0510635379297,0.0514369870805,0.0518301725584,0.0522450287517,0.0526862064309,0.0531629253408,0.0536899841374,0.0542865522824,0.0549742602213,0.0557732454397,0.056677604095,0.0576483924114,0.0591797410608,0.0624551918971,0.0660048811191,0.078466769793,0.0843340808795,0.079581849814,0.0745705747,0.0718931726445,0.0709273542753,0.0712004441081,0.0747900459439,0.0865405766356,0.0926520221634,0.0825875829493,0.0755782298961,0.0714579798505,0.0687815574949,0.0668840441318,0.0654093405094,0.0641702897223,0.0630764981901,0.0620844818209,0.0611719042656,0.0603260635345,0.0595388463133,0.0588044547405,0.0581183429586,0.0574767009709,0.0568761949075,0.0563138309824,0.0557868805689,0.0552928361081,0.054829382898,0.0543943792655
0.0504681444237,0.0507993176862,0.0511500731803,0.0515210716036,0.0519131189756,0.0523274169951,0.0527659453963,0.0532318632161,0.0537295117894,0.0542631741332,0.0548334727009,0.0554299658823,0.0560170815806,0.0565049646626,0.0565128622358,0.0502292748784,0.0590366994437,0.0614061289337,0.0672137443309,0.0696203066241,0.0698536939359,0.0683019284875,0.0660701023675,0.0649122340553,0.0645225266344,0.0661029005417,0.0884015788451,0.142913889466,0.0841999290764,0.0744395791078,0.0700618350052,0.0676567701585,0.0661670021178,0.0650179647826,0.0640000499194,0.063053201737,0.0621600048817,0.0613148928871,0.0605155947329,0.0597605926001,0.0590483693119,0.058377231784,0.0577453188681,0.0571506587534,0.0565912297479,0.0560650104452,0.055570016904,0.0551043283263,0.054666103646
0.0508489220111,0.051191213639,0.051553443291,0.0519363223965,0.0523405915239,0.0527670516267,0.0532165071066,0.053689401821,0.0541846703092,0.0546968660525,0.055209645932,0.0556809240777,0.05600722623,0.0559522134969,0.0554094603505,0.055677871967,0.0585259308296,0.060574394614,0.0603865883469,0.0571181473442,0.0637810015707,0.0634431324574,0.0588861604756,0.0571785525703,0.0564880142162,0.0591161274857,0.0705219777944,0.0749901220423,0.0756415418221,0.0702862191655,0.0666434404628,0.0654351195792,0.0650322077456,0.0644312554327,0.0637082833966,0.0629376954987,0.0621576326071,0.061388598032,0.0606420466617,0.0599243204382,0.0592386923011,0.0585865346386,0.057968028248,0.0573826082731,0.0568292510358,0.0563066611358,0.0558133944946,0.0553479395267,0.0549087705682
0.0511991179693,0.0515496268949,0.0519198588628,0.0523103343126,0.0527213998196,0.0531530724835,0.05360468137,0.0540740699103,0.0545558937593,0.0550380568024,0.0554939879301,0.0558636980713,0.0559934582191,0.0553153570736,0.045424314381,0.0553890850214,0.0580136197452,0.0586357273859,0.05502282447,0.0568591084584,0.0604249217454,0.0605696891652,0.0563464370407,0.0523617357935,0.0486668629283,0.0539219259207,0.0664855609076,0.0704352527109,0.0678801845272,0.0639701308398,0.0536281007152,0.0623130785038,0.0638546938766,0.0638232028097,0.0633823310493,0.0627789283392,0.0621071489095,0.0614122587749,0.0607184227829,0.0600391369433,0.0593819861248,0.058751089786,0.0581484621242,0.0575748110243,0.0570300263232,0.0565134870898,0.0560242592646,0.0555612247946,0.0551231668902
0.0515194102004,0.0518754968676,0.0522506817401,0.0526451868828,0.0530588678237,0.053490943634,0.0539394951158,0.054400536346,0.054866310795,0.0553221508698,0.05574047739,0.0560682901285,0.0561973000256,0.0558954590409,0.0551838680046,0.0563112424221,0.0574324473297,0.0575742888506,0.0565126354963,0.0551960914443,0.0560500798767,0.0600418672646,0.0559333606459,0.0567134791628,0.0514999139543,0.0581790576372,0.0739575612741,0.0713944403832,0.0615433358269,0.0535649509341,0.0604260052373,0.0621578201741,0.0632152680971,0.0633816462726,0.0631088201279,0.0626240944302,0.0620369212521,0.0614041587398,0.0607571576042,0.0601138641322,0.0594847223424,0.0588757707921,0.0582903666334,0.0577301925416,0.0571958680627,0.0566873325931,0.0562040913915,0.0557453767555,0.0553102552154
0.0518107905353,0.0521701566847,0.0525477556168,0.0529435060857,0.0533568257394,0.0537863185941,0.0542292559258,0.0546807228624,0.0551322407047,0.0555696024027,0.0559696499273,0.0562962860649,0.0565002166627,0.0565488451378,0.0565413013277,0.0566156250699,0.0565928386397,0.0563961237422,0.0549650502318,0.0455712013576,0.058684247243,0.0644212087428,0.068683019321,0.076790996678,0.0740247998804,0.0786748608356,0.14950027663,0.0708927909603,0.058667452905,0.0547421759319,0.0597785782568,0.0621460563972,0.0630024964208,0.0631558395662,0.0629309452308,0.0625023427166,0.0619665250451,0.0613779164822,0.0607681045221,0.0601558789103,0.0595525771296,0.0589650387102,0.0583973048107,0.0578516334362,0.0573291264228,0.0568301279165,0.0563544838156,0.0559017140805,0.0554711290165
0.0520744631191,0.0524351695765,0.0528131458046,0.0532080642803,0.0536190314535,0.0540442841924,0.0544807259738,0.0549232324538,0.0553636470904,0.0557894143559,0.0561819440921,0.0565152665429,0.0567563322617,0.0568650988141,0.0567585839518,0.0560877316446,0.05361013641,0.0544973107664,0.0508175237447,0.0548724033948,0.06232196361,0.0682198551197,0.0761080103349,0.0851821300609,0.0929432982261,0.0912433294688,0.0854751330231,0.0637242341964,0.0572659751278,0.05372619495,0.0599316774492,0.0624367141069,0.0630805812322,0.0631116033231,0.0628464879782,0.0624195411479,0.0619032452466,0.0613404147299,0.0607573110246,0.0601703655066,0.0595899559693,0.059022627009,0.0584724394878,0.0579418146017,0.0574320756425,0.0569438037979,0.0564770765471,0.056031630139,0.0556069719097
0.0523117477956,0.0526721878944,0.0530489390562,0.0534415112334,0.0538488443042,0.0542690421152,0.0546989912375,0.0551338268032,0.0555662071994,0.0559853639018,0.0563758712384,0.0567158231932,0.0569725978471,0.057087890784,0.0569211924549,0.0560286087418,0.0527825585069,0.0530752160307,0.0550632479221,0.0566931192358,0.0602124465702,0.059768146712,0.0929231034096,0.0938263206415,0.0915497801456,0.187060511978,0.0914951157166,0.0601971968742,0.0637854923306,0.0628864535947,0.0629407005155,0.0633286191179,0.0633885751522,0.0631868723402,0.0628239496478,0.0623627190916,0.0618432170846,0.0612919924048,0.0607269440168,0.0601601787135,0.0595998561777,0.0590514201274,0.058518430567,0.0580031316796,0.057506843162,0.0570302327395,0.0565735079491,0.056136552454,0.0557190237974
0.0525240022902,0.0528828504545,0.0532571151801,0.053646229592,0.0540490972231,0.0544638753941,0.0548876791609,0.0553161827954,0.0557430874232,0.0561593930685,0.0565522987476,0.0569031662331,0.05718285768,0.0573401818873,0.0572756803614,0.0567997965752,0.0555942566623,0.0508358868915,0.0533879142205,0.0613794030418,0.0681492663093,0.0818834494699,0.132230273407,0.0910624802644,0.082688439419,0.083497540026,0.0775964361142,0.0709531431825,0.0676067793687,0.0657327148135,0.0647001697733,0.0641429936783,0.063719042145,0.063286803625,0.0628155538063,0.0623082459386,0.0617755340959,0.0612284150984,0.0606762243453,0.060126279789,0.0595840601757,0.0590535275148,0.0585374505882,0.058037682687,0.0575553848755,0.0570911998494,0.0566453851882,0.0562179147037,0.0558085552675
0.0527125683163,0.0530687201958,0.0534394829636,0.0538242860043,0.0542220974561,0.0546312590163,0.0550492690048,0.0554724986816,0.0558958154367,0.0563120528884,0.0567111783533,0.0570788060193,0.0573933679799,0.0576210825254,0.0577090716401,0.0575799894043,0.0571192081406,0.0563166906415,0.0576951423039,0.0608649144444,0.0688634718968,0.0790569994465,0.0930831260861,0.0860048149325,0.0616374178559,0.0723427497798,0.0734888594271,0.0709662174274,0.0684499445979,0.0666493046983,0.0654193840612,0.0645627848077,0.0639025616819,0.0633251444758,0.0627753614717,0.0622314964978,0.0616874455269,0.0611436473377,0.0606029032713,0.0600685231353,0.0595435525649,0.0590305005978,0.0585312923354,0.0580473155932,0.0575794999061,0.0571284000359,0.0566942724301,0.0562771407712,0.0558768502193
0.0528787407105,0.0532312563342,0.0535976649027,0.0539774456878,0.0543696986719,0.0547730277809,0.0551853944047,0.0556039334282,0.0560247163354,0.0564424268968,0.056849876363,0.0572372282519,0.0575907706948,0.0578911695339,0.0581112137129,0.0582111932299,0.0581200692778,0.0576570925275,0.0576195001775,0.0582364319926,0.0664344544812,0.0719272159765,0.0678876028864,0.0667535622817,0.0678920307608,0.0695029583574,0.0698841328845,0.0691044740476,0.0678056237686,0.0665354208932,0.065470652022,0.0646082413028,0.0638902438568,0.063258894557,0.0626745178787,0.0621147546239,0.0615687935136,0.0610324012171,0.0605047329918,0.0599865045735,0.0594790077965,0.0589836105478,0.0585015238306,0.0580337112416,0.0575808712048,0.0571434538917,0.0567216925112,0.0563156384954,0.0559251954707
0.0530237553744,0.0533718120356,0.0537331142199,0.0541072235502,0.0544934065907,0.0548905604904,0.0552971263047,0.0557109889066,0.0561293600142,0.0565486351303,0.0569642056375,0.0573701947735,0.0577590542646,0.0581207447161,0.0584398919483,0.0586819580624,0.0587135097208,0.0576487690109,0.0525406206513,0.0616047159421,0.0654310929582,0.0678515191722,0.0674360183248,0.0665064777382,0.0625203614178,0.0636835466412,0.0664641884613,0.0671087805286,0.0666936094018,0.0659365453743,0.0651334625971,0.064384398417,0.0637057640456,0.0630848721466,0.0625042888617,0.0619503204308,0.0614143382436,0.0608917298617,0.06038051248,0.0598802296747,0.0593912090554,0.0589141061942,0.0584496437675,0.0579984740831,0.0575611157096,0.0571379326078,0.0567291363281,0.0563347997004,0.0559548753317
0.0531487905397,0.0534916483218,0.0538471497717,0.0542149517334,0.0545944940445,0.054984959611,0.0553852348444,0.0557938742449,0.0562090740704,0.0566286611088,0.0570501030928,0.0574705415653,0.0578868028438,0.0582951205591,0.0586894494051,0.0590546432846,0.0593476120397,0.0595268488635,0.060262453771,0.0623777667785,0.0645166663561,0.0659523784815,0.0663002751537,0.0653986297727,0.0619606607007,0.0485737876612,0.0639101254336,0.0655253693449,0.065597398623,0.0651859136256,0.0646102591412,0.0639979948134,0.0633974172445,0.0628217567784,0.0622704800941,0.0617392397864,0.0612238595347,0.0607214770339,0.0602305431996,0.0597504795406,0.0592813142888,0.058823396744,0.0583772017357,0.057943208011,0.0575218296698,0.0571133828121,0.056718074202,0.0563360028917,0.055967168883

