0.0113244198667,0.0111092126938,0.010885998303,0.0106588625257,0.0104330669125,0.0102115627435,0.00999693200536,0.00982068509594,0.00973238341705,0.00961208146418,0.00892355347898,0.00885759488689,0.00934495111187,0.00830936519188,0.00957125769609,0.0108010257758,0.0113180268468,0.0131317136056,0.0167835383223,0.0210500014438,0.0271455231864,0.0367122211408,0.0502295961808,0.0570380228709,0.0482520634656,0.038597704702,0.0328278663871,0.0295710664763,0.0277735205773,0.0269389654213,0.0268832959406,0.0273607488781,0.0281357571986,0.029089633893,0.0301471379933,0.0312282161891,0.0322360173999,0.033064804797,0.0336216813285,0.0338521839985,0.0337547937894,0.0333753494173,0.032786359891,0.0320643219431,0.0312746558391,0.0304659788688,0.0296706983448,0.028908334365,0.0281892556992
0.0110684669282,0.0108089090365,0.010531437963,0.0102399663742,0.00994394801256,0.00964488303935,0.00930181490534,0.00886857965144,0.00892421946072,0.00901902250622,0.0088681479458,0.00883169000138,0.00902665792913,0.00914039921709,0.00924469434264,0.00983437057576,0.0104568670972,0.0133274501125,0.0158195139309,0.0184064784619,0.0228126099515,0.0286475162348,0.0344440053582,0.037376701611,0.035808242526,0.0325266327873,0.0301052985795,0.0285300020078,0.0276150757409,0.0272874702664,0.0274792569673,0.0281034103774,0.029065187161,0.0302830839251,0.0316759989865,0.0331377284268,0.0345221243193,0.0356535658484,0.036369923628,0.0365810542992,0.0363018305071,0.0356336413795,0.0347130330333,0.0336656279596,0.0325844017265,0.0315281947694,0.0305292875616,0.0296022804652,0.0287511617349
0.010824138293,0.010516888426,0.0101754383085,0.00979692658414,0.00940087410808,0.00903595215133,0.00858527781524,0.00751302954419,0.00810130345373,0.00840905544548,0.00832622080332,0.00793902352879,0.00809349334322,0.00890489206807,0.0094092654639,0.00891610802943,0.0105461517343,0.0126606318327,0.0142141751603,0.0153571696249,0.0189352181088,0.0226008133116,0.0261464621885,0.0282988567115,0.0278312720811,0.025143450252,0.0269037323962,0.026968583587,0.026938470925,0.0271689356744,0.0277459751691,0.0286868955875,0.029982865868,0.0316084512673,0.0335083043372,0.0355651353653,0.0375657839432,0.0392044419893,0.0401699021328,0.0402964169072,0.0396510255721,0.0384685880302,0.0370131813547,0.0354864411704,0.0340089729064,0.0326390459137,0.0313968918138,0.0302827291481,0.0292876154759
0.0105983664205,0.010244286338,0.00983296986125,0.00933037286381,0.00866515108941,0.00828100889118,0.00795134031887,0.00622175604381,0.00739123144887,0.00772763470117,0.00763948136159,0.00665300490814,0.00622111992971,0.00827382281887,0.00900640436762,0.00715965696397,0.0106175852547,0.0117920939461,0.0112789061193,0.0148634711676,0.0161065919735,0.0159530901135,0.0210048958891,0.023297763886,0.0237109370306,0.0229829864166,0.0246421805031,0.0254725263807,0.0261026862954,0.0268419849112,0.027833160591,0.0291631832294,0.0308950316337,0.0330740305437,0.0357072438497,0.0387030851081,0.0417695627191,0.0443430180586,0.0457414337316,0.0456059467434,0.0441793006977,0.0420455142241,0.0397203127936,0.0374987816832,0.0355005546245,0.0337502641826,0.0322318423327,0.0309160350032,0.0297722700082
0.0103967944906,0.0100050701585,0.00953591422501,0.00892085550854,0.00792668708156,0.00757665384118,0.00774256349825,0.00738739433994,0.0069814005433,0.00691587583691,0.00708420653968,0.00659380774043,0.00607859083157,0.00716269805274,0.00827802157732,0.00984712658975,0.0108146552104,0.00919923039634,0.0123590967131,0.0129432661743,0.0151347407005,0.0160510659879,0.0183239340605,0.0202168437537,0.0213814765678,0.0219762558308,0.0229747055759,0.0241817512939,0.0252902789463,0.0264479092195,0.0278222700626,0.029553733088,0.0317778247842,0.0346400802225,0.0382834688877,0.0427631757178,0.0477964426735,0.0523399440604,0.0546348507115,0.0536932944743,0.0504518435091,0.0464987687848,0.0427805408569,0.03959926602,0.0369609863037,0.0347834654294,0.0329754679223,0.0314593151466,0.0301739438311
0.0102175397031,0.00980723979108,0.00931244123803,0.00864957230068,0.00715159315794,0.00743291058176,0.00746920749407,0.00718757238099,0.00650791961822,0.00691600830451,0.00711597495655,0.00704547123941,0.00754077019129,0.0081644400332,0.00913425115071,0.0102156526724,0.0110998132599,0.0117794020684,0.012320737503,0.0129525712789,0.0147549355266,0.0158474228351,0.014330776897,0.0177963540297,0.0193882267288,0.0182379157957,0.0209199061417,0.0230907329602,0.024583052132,0.0260530978293,0.0277414239287,0.0298363084155,0.0325489612637,0.0361617632399,0.0410737380972,0.0477970208682,0.0566304689005,0.0661382791949,0.070917918408,0.0670793604833,0.0591384076368,0.0517139133256,0.0459257431369,0.0415589682603,0.038227984396,0.0356297043811,0.0335553223927,0.0318639737547,0.0304595125542
0.0100374511912,0.00964264203027,0.00916075770053,0.00853841888428,0.00768064089985,0.0070644099344,0.00690317939994,0.00653588965389,0.00609237039097,0.00642185568816,0.00664798382192,0.0071694847007,0.00787034957118,0.00783855544352,0.00942793758597,0.0103942546546,0.0112515536603,0.0119624516976,0.0121554449145,0.0122683163884,0.0144690047145,0.015357477898,0.0151661665547,0.0164823030845,0.0183601152362,0.0188237841061,0.0204975786837,0.0224219403441,0.0240275602606,0.0256740683301,0.0275787257488,0.0299505456108,0.0330641392881,0.0373484878315,0.0435547637757,0.0531134351488,0.0687801928074,0.0934557468728,0.109784669049,0.0910447660751,0.0699768116643,0.0567684528334,0.0485119772069,0.0430012039874,0.0390866103654,0.0361639123582,0.0338961456371,0.0320830561327,0.0305986603638
0.00975664730247,0.00949136468927,0.00905104297506,0.00845791486261,0.00771984605065,0.00712651274031,0.00673719800339,0.00624584285197,0.00579418715569,0.0063754829334,0.00724704451335,0.00786079270398,0.00827417472474,0.00862171497224,0.00946787840442,0.0104268390521,0.0113018092152,0.0120478624854,0.012677064388,0.0134307446637,0.0144257334134,0.015193441598,0.0152195404564,0.016265103191,0.0180577046247,0.0192873268453,0.020578535104,0.0220361582521,0.0235801754936,0.0252858353271,0.0272995699685,0.0298225788319,0.0331577368227,0.0378210798986,0.0448141982562,0.0564201762724,0.0792464697749,0.142580962616,0.311208612087,0.12414812427,0.0778277601223,0.0593472954804,0.0495632291295,0.0434931821632,0.0393296798047,0.0362788099245,0.0339383423737,0.0320814344695,0.0305696460321
0.0089868083885,0.00939455253786,0.00896925821523,0.00831367564744,0.00749876862932,0.00699806023346,0.00644750183182,0.00454824250522,0.00559005775995,0.0063316683091,0.00732228484325,0.00805581084256,0.00849692349188,0.00690135724603,0.00850883940504,0.0103536041934,0.0113102868135,0.0120389348959,0.0127303011643,0.0135236804198,0.014379835484,0.0151790086605,0.0159082643732,0.0168184291841,0.0179471571626,0.0191077992827,0.0203287254317,0.0216651522501,0.0231493320928,0.0248459130262,0.0268707000088,0.029402830231,0.0327252279041,0.0373222072145,0.0441155739779,0.0551125401679,0.0755303365254,0.121246436675,0.175010931305,0.109116813077,0.0730878512181,0.0570837555248,0.0483775015295,0.0427912017939,0.0388578009235,0.0359277943436,0.0336575940984,0.031845388527,0.030364278746
0.00974572560157,0.00949180527815,0.00893024099057,0.00806302863712,0.00650827525024,0.00680770022486,0.00629566235988,0.00652771582925,0.00633774694882,0.00621416958077,0.00696163160098,0.00814218176392,0.00879580547406,0.00910103572274,0.00952823491299,0.0105584534568,0.0113466102829,0.0118596643063,0.0123080734155,0.0133201418959,0.0142564350314,0.0150882963859,0.0158954507306,0.0167661669623,0.0177439375414,0.0188149644468,0.0199774097815,0.0212538785409,0.0226830367953,0.0243269200129,0.0262824188837,0.0286958148839,0.0317903949838,0.035920585903,0.0416727138635,0.0500220169305,0.0623159461921,0.0780292389585,0.0854862147871,0.0729555752654,0.0572937452814,0.0505696454883,0.0453147686166,0.0410620933437,0.0377483305506,0.0351493242124,0.0330746344115,0.0313869784171,0.0299900585558
0.0102260279398,0.0096943144746,0.00886971080056,0.00800375086775,0.00723189204577,0.0073491047827,0.00711984649815,0.00652981950577,0.00620810163835,0.00591619002284,0.00687304118456,0.00825541143909,0.00914440222046,0.00973895381403,0.0102899281831,0.0108915046705,0.0114391586307,0.0116445793352,0.00968383167024,0.0131100701306,0.0141292997865,0.0149323726538,0.015689457121,0.0164945294982,0.0174152319928,0.0184487187656,0.0195747939008,0.0208032873335,0.0221693003615,0.0237275444261,0.025555428409,0.027760773549,0.0304931672713,0.03395690604,0.0384107163157,0.0440898545951,0.050836325949,0.057066715042,0.0589233430919,0.0522484695301,0.0329138990933,0.0438928900608,0.0416924187396,0.0387970749744,0.0362167461653,0.0340504924468,0.0322479696087,0.0307406082918,0.0294684450344
0.0105967453523,0.0100182008511,0.00896867764037,0.00838357648411,0.00790076317779,0.00733236906294,0.00692267721381,0.00614949061361,0.00582576376538,0.00736974385649,0.00786433019351,0.00869077453126,0.00951763129745,0.0101447340656,0.0106574600604,0.0111053433825,0.0115334234572,0.0119688046571,0.0124611405692,0.013278920536,0.0140687167542,0.0147473438183,0.0153401059194,0.015992025958,0.0169344465155,0.018018256156,0.0191404196305,0.0203250677841,0.0216168931421,0.0230660333134,0.0247316146564,0.0266855622159,0.0290133138765,0.0318058583612,0.035127646428,0.0389259427258,0.042836499873,0.0459438500053,0.0469071007487,0.0449245289062,0.0418245258055,0.0402840340636,0.0384899062548,0.0364442542453,0.0344950146628,0.0327604761812,0.0312538361885,0.0299535452437,0.0288300173855
0.0110104312942,0.0105042889766,0.00980876033612,0.00921255270992,0.00888541359457,0.00825503744086,0.00705056567366,0.00584583604394,0.00687565716321,0.00818165538945,0.00856067018509,0.00878173157623,0.00991446118175,0.0105178810186,0.01093972704,0.0111420679411,0.0111882058354,0.0120574432715,0.012766842242,0.0134208714293,0.014042949445,0.0145628627869,0.0147665669493,0.0144511815091,0.0162380720022,0.01757161336,0.0187064674294,0.0198390861297,0.0210439658237,0.0223693513771,0.0238587575125,0.0255557528114,0.0275009798607,0.0297198122311,0.032194113946,0.0348106518322,0.0372942895069,0.0391875660292,0.04000198307,0.0395891609414,0.0384294678967,0.0371039912836,0.0356866390351,0.0342001116072,0.0327440218949,0.0313897480169,0.0301659134012,0.0290752619362,0.0281085985136
0.0114682892399,0.0110471273788,0.0103185773188,0.0090058162439,0.009831122422,0.0091941091018,0.00829082484742,0.00733333303093,0.00830011286505,0.00890983925234,0.00937902251722,0.00973711573479,0.0104439820965,0.0109274359705,0.0112536916483,0.0112783381106,0.01039229273,0.0121611320848,0.0129140250335,0.0135047194015,0.0140389781632,0.0144757852167,0.014563353102,0.0137462054129,0.0159267410949,0.0172426557566,0.0183140114902,0.0193656698389,0.0204692390563,0.0216637319038,0.0229783121347,0.0244361918254,0.0260511402131,0.0278176116896,0.0296936382721,0.0315784272717,0.0332966157372,0.0346169086112,0.035333599026,0.0353886358739,0.0349195523465,0.0341346068142,0.0331735271203,0.0321225698628,0.0310524955482,0.0300159688078,0.0290438674381,0.0281497703465,0.0273363535671
0.0119344835547,0.0116238546259,0.0110169860916,0.0109368970115,0.0110125483005,0.0105272514916,0.00979549898994,0.00894541924191,0.00915090184745,0.00935568398373,0.0102773159405,0.0106819879586,0.0110410336961,0.0113654025785,0.0116326869118,0.0118282238549,0.0120644032462,0.0125471625213,0.0130775722665,0.0135796149372,0.0140572162361,0.0144958977523,0.0148733614026,0.0153250401613,0.0161236579396,0.0170471082069,0.0179697120602,0.0189127091194,0.0199051528166,0.0209688507941,0.022119677305,0.0233670280648,0.024710294396,0.0261323904195,0.0275910558716,0.0290109332816,0.0302834201847,0.0312840531122,0.0319111187515,0.0321291897253,0.0319823369855,0.0315603129004,0.0309535711849,0.0302361034661,0.0294663276536,0.0286880175296,0.0279307512479,0.0272120961449,0.0265408089521
0.0122964996522,0.012188422801,0.0116169158464,0.0120533785781,0.0124052551886,0.0120812121409,0.0115126015614,0.0103005667015,0.010649800077,0.00997483098701,0.0110971438001,0.0113543608398,0.0115419412563,0.0117640798679,0.0119873304305,0.0122119859164,0.0124782324464,0.0128218157161,0.0132201391513,0.0136414440443,0.01407256257,0.0145097002088,0.0149649123278,0.0154869092979,0.0161245384623,0.0168559289349,0.0176426231366,0.0184744348127,0.0193564010032,0.0202963472204,0.0212999802553,0.0223680260012,0.0234930572215,0.0246555718966,0.0258200327096,0.0269328713342,0.0279256858367,0.0287265456552,0.0292784604906,0.0295571868658,0.0295769536611,0.0293800494679,0.029019559766,0.0285469384828,0.0280065539518,0.0274338165751,0.0268549336126,0.0262878178938,0.0257436857978
0.0122378358711,0.0120454728661,0.0134673739671,0.0139246136193,0.0140090898392,0.0129075921841,0.013317755714,0.0133633848927,0.0127858601972,0.012093325266,0.012024722074,0.0117269514564,0.0118012311128,0.0120645733719,0.0122661082847,0.0124665589743,0.0127004843985,0.0129826754225,0.0133100401959,0.0136719772194,0.0140609760891,0.0144760394681,0.0149251882288,0.0154255937069,0.0159918413976,0.0166228135379,0.0173085627039,0.01804249314,0.0188232367708,0.0196514735895,0.0205267931799,0.0214451653905,0.0223965857342,0.0233628292659,0.0243158286068,0.0252177530939,0.0260241069983,0.0266905270018,0.0271820822636,0.027481543017,0.0275924793508,0.0275357842392,0.027342334089,0.0270458789321,0.0266782458015,0.026266771854,0.0258332954073,0.0253941811132,0.0249609679406
0.0131771692739,0.0139363094537,0.0149484970194,0.015578117174,0.0159440946945,0.014388915007,0.016642378412,0.0161847731297,0.0150688526803,0.0139182243133,0.0128806368819,0.0109869770348,0.0117996240872,0.0122887811679,0.012462754198,0.0126260283212,0.0128230155594,0.0130625020764,0.0133432894957,0.0136609632894,0.0140119593605,0.0143958649638,0.0148162992278,0.0152797679409,0.015791754523,0.0163531891901,0.016961285835,0.0176126690698,0.0183048388536,0.0190355698223,0.0198014682676,0.0205963994931,0.0214100095777,0.0222265308942,0.0230242396183,0.0237761034702,0.0244521127085,0.0250233353798,0.0254668850384,0.0257701675718,0.0259327226734,0.0259650397988,0.0258852154999,0.0257150408844,0.0254767251089,0.0251906883668,0.0248743623303,0.0245417688941,0.0242036243206
0.014205020772,0.0152892849775,0.016297868347,0.012774937117,0.0170107066844,0.0216639755376,0.0214616869014,0.0197003371508,0.017296339124,0.0152430112594,0.0132293053088,0.0121033554956,0.0123773175663,0.012476118435,0.0125653572788,0.0126921768664,0.0128624985228,0.0130731786963,0.0133214790172,0.0136052263356,0.0139229839045,0.0142746620392,0.0146617712745,0.0150868181024,0.0155519017614,0.0160574870023,0.0166023291351,0.0171842163701,0.0178004893075,0.0184478780213,0.0191218347494,0.019815670746,0.0205197338932,0.0212208388617,0.0219021977824,0.022544115939,0.0231256197939,0.0236269168197,0.0240321998113,0.0243320037023,0.0245243558182,0.0246144061319,0.0246128296404,0.0245336653266,0.0243922304497,0.0242034854164,0.023980960635,0.0237361962834,0.0234785767825
0.0151142455988,0.015985534709,0.0150245514931,0.0213795732929,0.0276422933382,0.0332646113143,0.0298625242892,0.0237402610818,0.018881546535,0.0161192346115,0.0138124580675,0.0126875209335,0.012551512551,0.0124716741565,0.0125193862435,0.0126512608829,0.0128215185143,0.0130197520891,0.0132469735073,0.013504899525,0.0137944841156,0.0141163989479,0.0144714639046,0.0148606052638,0.0152844255273,0.0157427471836,0.0162344528163,0.0167575914583,0.0173094698013,0.0178865241536,0.0184839704783,0.0190953479878,0.0197121026315,0.0203233625019,0.0209160584726,0.0214755188766,0.0219865846143,0.0224351403591,0.0228097773448,0.0231031832105,0.0233128869328,0.0234411873735,0.0234943645299,0.0234814674517,0.0234130129167,0.0232998454355,0.0231522851358,0.0229795870005,0.0227896721638
0.0158285063646,0.0173350290754,0.0191926688468,0.026005783347,0.039752972247,0.0787537515762,0.0563466010192,0.0288047827742,0.0197588822044,0.016020102683,0.0124389854754,0.0125048240997,0.0122025060237,0.012040591808,0.0122458231862,0.0125000773576,0.0127081521716,0.0129086888665,0.0131232577637,0.0133615156794,0.0136276869994,0.01392358285,0.0142499860958,0.0146071899827,0.014995073245,0.0154129909735,0.0158596709361,0.0163331642615,0.0168307913631,0.0173490160354,0.0178832384592,0.0184275560301,0.0189745733228,0.019515353898,0.0200396017265,0.0205361331561,0.0209936435442,0.0214016889462,0.0217517161427,0.0220379240401,0.0222577613725,0.0224119618337,0.0225041477925,0.0225401383708,0.0225271383974,0.0224729633591,0.0223854006784,0.0222717496083,0.0221385378714
0.0165024839749,0.0185028331885,0.0215028681986,0.0272072385253,0.040596550064,0.0850243234727,0.0573613315712,0.0282010999728,0.0169881515653,0.0144019473305,0.0127488953512,0.0113018320109,0.0111404203478,0.00690475065037,0.0118072483959,0.012295727072,0.0125458536754,0.0127497709965,0.0129543958148,0.0131767327451,0.013423604654,0.0136976253584,0.0139995780953,0.0143294206736,0.0146866403182,0.0150703069403,0.0154790178237,0.0159108178296,0.0163631084115,0.0168325355849,0.0173148593467,0.0178048308375,0.0182961221023,0.0187813608077,0.0192523169486,0.0197002683378,0.0201165357687,0.0204931322203,0.0208234267855,0.0211027017545,0.0213284947828,0.0215006668699,0.0216212031523,0.0216938113212,0.0217234126023,0.0217156190877,0.0216762683756,0.0216110557778,0.0215252765233
0.0167980919772,0.0185558198962,0.0208677999383,0.0236941847089,0.02498220872,0.0359302262644,0.0327892191217,0.0235862453573,0.0113642442795,0.0128554774181,0.0081719079341,0.0106640122533,0.0107478207699,0.0112453562327,0.0117584657837,0.012123490113,0.0123569882224,0.0125499805156,0.0127423367027,0.012950863395,0.0131823242209,0.0134389847846,0.0137212099364,0.0140286089416,0.014360430562,0.0147156202454,0.0150927563017,0.0154899562231,0.0159047807837,0.0163341415442,0.0167742180887,0.0172204006925,0.017667282971,0.0181087324286,0.0185380622679,0.0189483142545,0.0193326406922,0.01968474764,0.0199993389132,0.0202724901195,0.0205018901589,0.0206869135792,0.0208285226449,0.0209290308437,0.0209917799495,0.0210207871959,0.0210204104595,0.0209950637621,0.0209489988401
0.0166941251996,0.0179145621334,0.019285198105,0.020488181096,0.0206778315023,0.0234078650385,0.0196194819449,0.0190987230405,0.0159122138558,0.0134468825753,0.0111968377765,0.00888406979611,0.0100831118498,0.0113132488843,0.0117065117699,0.0119493685696,0.0121355001892,0.0123056827951,0.0124838809132,0.0126815591078,0.0129025667835,0.0131472999432,0.0134151344601,0.013705299045,0.0140169758272,0.0143491820901,0.0147006347245,0.0150696371923,0.0154539889917,0.0158509155071,0.0162570210739,0.0166682735476,0.0170800327812,0.0174871364877,0.0178840535655,0.0182651064783,0.0186247515137,0.0189578913089,0.0192601821083,0.0195282933164,0.0197600818867,0.0199546584681,0.0201123419753,0.0202345184363,0.0203234333607,0.0203819519713,0.0204133190422,0.0204209424526,0.0204082150497
0.0163121432292,0.0169679258249,0.0174289235909,0.0179931772967,0.018249839942,0.0155973690924,0.017671273884,0.0165176144669,0.0149680582395,0.0128781925369,0.010643766345,0.0105521699184,0.0109887550072,0.0113227190596,0.0115516302162,0.0117147547162,0.0118558261022,0.0120018928259,0.0121692788943,0.0123632455111,0.0125818096034,0.0128217946911,0.0130813686851,0.0133597477139,0.0136564543284,0.0139708824205,0.0143020934278,0.0146487087152,0.0150088420632,0.0153800595693,0.0157593672937,0.0161432300797,0.0165276261815,0.0169081424664,0.0172801129832,0.017638798929,0.0179796008981,0.0182982863427,0.0185912087801,0.018855492869,0.0190891624898,0.0192911971492,0.0194615133594,0.0196008790814,0.0197107780209,0.0197932448858,0.0198506925359,0.0198857483917,0.019901112139
0.0158176820719,0.0160479441034,0.0153264580405,0.0149112686944,0.0163187770845,0.0158940086256,0.0146144754064,0.0140911457533,0.0138017482015,0.0121210109116,0.00993909859861,0.0105380720288,0.0109422279369,0.011144073361,0.0112768450452,0.0113833400994,0.0114864306453,0.0116122672718,0.0117804979604,0.0119873576562,0.0122173884128,0.0124621752101,0.0127202514264,0.012992283639,0.0132789473021,0.013580437021,0.0138963973996,0.0142259042725,0.0145674507435,0.0149189508095,0.0152777687637,0.0156407752776,0.0160044289884,0.0163648827809,0.0167181138885,0.0170600750977,0.0173868607492,0.0176948768808,0.0179810012744,0.0182427177866,0.0184782110379,0.0186864121929,0.0188669931638,0.0190203134741,0.0191473296489,0.0192494802846,0.0193285606164,0.0193865988693,0.0194257437591
0.0153477343635,0.0154320799909,0.0152630674633,0.0151573839468,0.0149993057512,0.0140901471861,0.0136111496494,0.0135682409993,0.0129731443038,0.0117477302986,0.0106773025976,0.00889713617999,0.0105346037826,0.0107245556147,0.0108364367182,0.0109192708884,0.0109824729243,0.011081906919,0.0112822820084,0.0115446941383,0.011809557589,0.0120699983068,0.01233290945,0.0126034892794,0.0128845437249,0.0131774604197,0.0134826879911,0.0137998812067,0.0141279573979,0.0144651592564,0.0148091416491,0.0151570769835,0.0155057714753,0.0158517879071,0.0161915732772,0.0165215903362,0.0168384504998,0.0171390429985,0.0174206526594,0.0176810574948,0.0179185979118,0.0181322118535,0.0183214339768,0.0184863611477,0.0186275901588,0.0187461359523,0.0188433394912,0.0189207738726,0.0189801557299
0.0149314600745,0.0149595559951,0.0148721718198,0.0146449653441,0.0140411522193,0.0115527141368,0.0118002085522,0.0128906066173,0.0124048682219,0.0104937693293,0.0105802180479,0.0101952492782,0.00931745876681,0.00992743247439,0.0101571775252,0.010281702213,0.010258568741,0.0101963085561,0.0105934621482,0.0110421929118,0.0113672669074,0.0116492598357,0.0119210237629,0.0121940550173,0.0124732812399,0.0127614290096,0.0130599510446,0.0133691972068,0.0136885227738,0.014016438017,0.0143507838097,0.0146889085456,0.015027831431,0.0153643874532,0.0156953557907,0.0160175755928,0.0163280520136,0.016624052786,0.0169031929629,0.0171635037233,0.0174034808171,0.0176221092756,0.0178188630841,0.0179936810117,0.018146922122,0.01827930618,0.018391844978,0.0184857705333,0.0185624653262
0.0145573389784,0.0145357411901,0.0144216080828,0.0141704846836,0.0136895175105,0.0129450326967,0.01265374757,0.0126094609437,0.0121936497698,0.0115189204666,0.0109621942911,0.0103471122807,0.00965103907479,0.00856909135476,0.00946865964449,0.00934265619049,0.00913492881211,0.00763936917385,0.00987522346459,0.0105524383816,0.0109055752393,0.0112023131973,0.0114853819598,0.0117644177365,0.012045003315,0.0123315506885,0.0126268968976,0.0129322219715,0.0132472744762,0.0135706974301,0.0139003539846,0.0142336091366,0.0145675531144,0.0148991700087,0.0152254639902,0.0155435567133,0.0158507663475,0.016144674123,0.0164231801936,0.0166845478834,0.0169274341543,0.0171509042194,0.0173544292516,0.0175378676257,0.0177014316631,0.0178456430687,0.0179712809585,0.0180793265262,0.0181709080625
0.0142207405009,0.0141617131394,0.0140303621501,0.0138059099076,0.013477667825,0.0130934556016,0.0127623297898,0.0124503826286,0.0120428945082,0.0115395410994,0.01099456015,0.0104041256185,0.00984532919852,0.00951500983967,0.00941380686442,0.00918290547448,0.00913769598723,0.00946405352834,0.0097796700388,0.0101036458531,0.0104046778719,0.0107207323092,0.0110252550676,0.0113149662739,0.0115992658431,0.0118865181197,0.0121817251289,0.0124869780626,0.0128022277319,0.0131259817855,0.0134558718505,0.013789076358,0.0141226083125,0.0144534967919,0.0147788969667,0.0150961581343,0.0154028696628,0.0156968957784,0.0159764036433,0.016239885264,0.0164861719008,0.0167144392424,0.0169242021058,0.0171152984009,0.0172878631914,0.0174422946228,0.0175792141267,0.0176994235761,0.0178038619873
0.0139190058646,0.0138338657887,0.0136935388753,0.0134903390115,0.0132268918461,0.012923108858,0.0126014825057,0.0122539494589,0.0118535487336,0.0113875067986,0.0108410632217,0.0101129317721,0.00857376772065,0.00904859203412,0.00878501043315,0.0091001690309,0.00928122600055,0.0093950682681,0.00945043646186,0.00944253485047,0.00974935620263,0.0101931668994,0.0105442799972,0.0108472127805,0.0111350088245,0.0114239667011,0.0117217106914,0.0120309090486,0.0123512036979,0.0126804808911,0.0130157668958,0.0133538095394,0.0136914069049,0.0140255656588,0.0143535637238,0.0146729684084,0.014981638519,0.0152777235204,0.0155596639435,0.0158261928137,0.01607633607,0.0163094096329,0.0165250112556,0.0167230061409,0.0169035062384,0.0170668439579,0.0172135416429,0.0173442784824,0.0174598566248
0.01364824083,0.0135436640593,0.0133952949023,0.0131997132598,0.0129588932266,0.0126800546783,0.012369549722,0.0120252208166,0.011637163092,0.0111910476412,0.0106574529835,0.00995033133433,0.00898972819978,0.00872970130733,0.00774368225424,0.00877095115751,0.00903064804277,0.00905894694906,0.00892587605928,0.00754928016868,0.00888702612275,0.00967450586046,0.0100584124343,0.0103625662807,0.0106489214493,0.010939362499,0.0112425672556,0.0115606079322,0.011891804152,0.0122326332402,0.0125790169937,0.012927026163,0.0132731639318,0.0136144211074,0.0139482388221,0.0142724491388,0.0145852220095,0.0148850263852,0.0151706047021,0.0154409570377,0.015695330727,0.0159332117264,0.0161543149239,0.0163585716026,0.016546113229,0.0167172515489,0.0168724555845,0.0170123265123,0.017137571578
0.01340455431,0.0132840614264,0.0131264433828,0.0129292365754,0.0126928476057,0.0124202986057,0.0121152943574,0.0117791893977,0.0114076929219,0.0109875172205,0.0104920540905,0.00987059526538,0.00897703610327,0.00818050757882,0.00818356656296,0.00846174554248,0.00867285131695,0.0085770057697,0.00818581243931,0.00837922208565,0.00880639293681,0.00924907152077,0.00957279390741,0.00985417594895,0.0101321746287,0.0104243773955,0.0107376571617,0.0110716106207,0.0114215612932,0.0117814148449,0.0121454313556,0.0125088731409,0.0128680242994,0.0132200005419,0.0135625452334,0.0138938696466,0.0142125417711,0.0145174137845,0.0148075769934,0.0150823348675,0.0153411869275,0.0155838181416,0.015810090086,0.0160200314451,0.0162138265065,0.0163918011469,0.0165544064255,0.0167022003095,0.0168358282858
0.0131850263813,0.0130507392369,0.0128827853368,0.0126783407101,0.0124362040952,0.0121576032585,0.0118476128903,0.0115150723688,0.0111640048943,0.0107808753582,0.0103366627302,0.00978445472409,0.00897210111755,0.00821157136735,0.00750274731124,0.00810941708592,0.00824369463466,0.00811130388196,0.00711812236632,0.00814540203533,0.00854498950856,0.00880565942527,0.0090504313688,0.00930044879274,0.00956780623052,0.00986508182408,0.010197118026,0.0105584502144,0.0109384846272,0.0113269574007,0.0117161357439,0.0121007390569,0.0124772295527,0.0128431954925,0.0131969434411,0.0135372482152,0.0138632024643,0.0141741275452,0.0144695222601,0.0147490347347,0.0150124477955,0.0152596714178,0.015490738,0.0157057977875,0.0159051129152,0.0160890493728,0.0162580667947,0.0164127063663,0.0165535773755
0.0129878473577,0.0128415736626,0.0126630464767,0.0124481120016,0.0121925935005,0.0118934034923,0.0115549024463,0.0112047294176,0.0108808623734,0.0105593903533,0.0101850822473,0.00973404352155,0.00921961247405,0.00874291260648,0.00836924988595,0.0080791634987,0.00711091267451,0.00765644370524,0.00787155036509,0.00798682876088,0.00810595358705,0.00823473530234,0.00843708710639,0.00867136961106,0.00892916207162,0.00923863674233,0.00960658587341,0.0100154137152,0.010442442136,0.0108716812122,0.0112942771139,0.0117056252117,0.0121032786369,0.0124858892222,0.0128526984218,0.0132032789497,0.0135373965228,0.0138549357075,0.0141558625404,0.0144402084563,0.0147080659539,0.0149595899031,0.0151950006361,0.0154145864899,0.0156187045125,0.0158077787769,0.0159822962414,0.0161428004221,0.0162898833359
0.0128120552881,0.012655922619,0.0124679871286,0.0122421268845,0.0119690297508,0.0116326294197,0.0112085775911,0.0107307972296,0.0104677534099,0.0103052998312,0.010024629036,0.0096409399812,0.00919279780637,0.00872623046242,0.00829476364573,0.00791116990427,0.0074651019909,0.00752057411305,0.00759418040025,0.0075534192542,0.00744723380799,0.00732966729209,0.0076905524787,0.00794040246381,0.00816734695692,0.00850176200124,0.00894507041064,0.00943958967335,0.00993820517559,0.01042202598,0.0108858026596,0.0113284351692,0.0117499904827,0.0121509159378,0.0125317919791,0.0128932239742,0.0132357895405,0.0135600181103,0.013866390201,0.0141553475576,0.014427308101,0.0146826817771,0.0149218849642,0.0151453521594,0.0153535443779,0.0155469541707,0.0157261074805,0.0158915627449,0.0160439077678
0.0126571052754,0.0124938297709,0.0122994240905,0.0120663376723,0.0117807551982,0.0114100275015,0.0108434455141,0.00938851594285,0.0096477074809,0.010055573972,0.00987402577824,0.00951635638586,0.00904424093949,0.00845226940298,0.00781663222008,0.00740678085631,0.00734268352296,0.00729870314609,0.00707308904155,0.00685903584322,0.0067082819287,0.00572144490532,0.0069589484099,0.0070723083852,0.00712240975269,0.00754897887177,0.00818610651484,0.00884167483653,0.00944084696878,0.00999014527683,0.0104998044188,0.010975924863,0.0114223511953,0.0118418875715,0.0122367538074,0.0126087566956,0.0129593778527,0.0132898381564,0.0136011529916,0.0138941806461,0.0141696639165,0.0144282649208,0.0146705933668,0.0148972287336,0.0151087369452,0.0153056821818,0.0154886345112,0.0156581740265,0.0158148921661
0.0125223959007,0.0123551021384,0.0121584622743,0.0119253329287,0.0116429264324,0.011283026459,0.0107668057619,0.00991427821552,0.00983023312814,0.0099748915207,0.00977648581728,0.00941087934065,0.00889514196621,0.00807236531098,0.00545038367608,0.004964893848,0.00675101784563,0.0069295990606,0.0062579086678,0.00535787742883,0.00599017479558,0.00626480025159,0.00639401306098,0.00615899109414,0.00549046763334,0.00577841904935,0.00735879732965,0.00827303972411,0.00897939163775,0.00959312211996,0.0101476095159,0.0106560840461,0.011126082439,0.0115628683083,0.0119704042645,0.0123517537296,0.0127093176831,0.013045000634,0.0133603342452,0.0136565714353,0.013934758711,0.0141957919877,0.0144404596099,0.0146694752552,0.0148835027255,0.0150831741731,0.0152691030045,0.0154418924946,0.0156021409887
0.0124069249697,0.0122386080085,0.0120438769543,0.0118175785101,0.011552242042,0.0112372781754,0.010865395617,0.0104817874592,0.0102188181339,0.010016669477,0.00973999922967,0.00936168039976,0.00886195179633,0.00817022204536,0.00731100763342,0.0067281051629,0.00686367735041,0.00676111351218,0.00609454598398,0.00541053462465,0.00513385942258,0.00573920278881,0.00569146859021,0.00553287803691,0.00569829470217,0.00498483922754,0.00684185132535,0.00781940900299,0.00858233328759,0.00924716711769,0.00984061048788,0.0103771155806,0.0108670159993,0.0113179337957,0.0117355275499,0.0121240472283,0.0124867340348,0.0128261013042,0.0131441320311,0.0134424198035,0.0137222712017,0.0139847814189,0.0142308907605,0.0144614270878,0.0146771376642,0.0148787128423,0.015066803384,0.0152420327781,0.0154050056338
0.0123092243197,0.0121422304439,0.0119522228809,0.011736204922,0.0114912348107,0.0112161940924,0.0109173115034,0.0106159106203,0.0103339369672,0.0100547136059,0.00973941561783,0.00936355801286,0.00891502247323,0.00839591091641,0.00786236833146,0.00741982342836,0.00708899745792,0.00672035487836,0.00620702839174,0.00504786772109,0.00538974852498,0.00494230309981,0.00445124296467,0.00462202768974,0.00531391543364,0.00591599329898,0.00660129569322,0.00743660381576,0.00824990724944,0.0089632125977,0.00958905046916,0.0101466243499,0.0106504457193,0.0111106780306,0.0115345094999,0.0119271604617,0.0122925251999,0.01263357908,0.0129526444297,0.0132515704864,0.0135318592844,0.0137947561547,0.0140413161196,0.0142724532552,0.0144889776299,0.0146916229402,0.0148810670433,0.0150579469993,0.0152228698409
0.0122275506239,0.0120633994046,0.0118793942196,0.0116739754731,0.0114463208995,0.0111974606968,0.0109317693661,0.0106564379293,0.0103749879949,0.0100798215259,0.00975612248309,0.00939158936495,0.00898127199572,0.00853117302088,0.00806040116702,0.00758393394919,0.00708267912099,0.00654454520533,0.00607285833051,0.00566567944513,0.00539577580674,0.00480204019624,0.00357775507791,0.00479207548768,0.00492679997305,0.0056254373593,0.00503766431453,0.00699987271834,0.00798851979962,0.00875587476338,0.00940313238993,0.00997106377153,0.0104804546845,0.0109436984424,0.0113689769637,0.0117620569417,0.0121271844317,0.0124675851777,0.0127857702162,0.0130837352819,0.0133630974649,0.0136251923029,0.0138711445686,0.0141019207923,0.0143183686413,0.0145212465705,0.0147112461104,0.0148890084998,0.0150551369301
0.0121601559067,0.0119996901431,0.0118219607915,0.0116261118986,0.0114119205147,0.0111801797516,0.0109327743032,0.0106716486716,0.01039642518,0.0101026715139,0.00978324258584,0.00943150050698,0.00904357604563,0.00861825998157,0.00815151027596,0.00761841503378,0.00692744564263,0.00590814798326,0.00508775012379,0.00553138675319,0.00528255451512,0.00491123625995,0.00440053326683,0.00393422229739,0.00526161164928,0.00574581220108,0.00468375163724,0.0067668530206,0.00787429536663,0.00864853702177,0.0092914934152,0.00985431950218,0.0103590546836,0.0108180909462,0.0112394897004,0.0116289414064,0.0119906637311,0.0123278847996,0.0126431345253,0.0129384346319,0.0132154295315,0.0134754799448,0.013719731659,0.0139491669349,0.014164643374,0.0143669234697,0.014556697089,0.0147345985057,0.0149012191921
0.012105477447,0.0119491297615,0.0117775393663,0.0115901178756,0.0113866589667,0.0111673899023,0.0109327672338,0.0106828389225,0.0104163400112,0.010130212389,0.00982009561285,0.00948134408078,0.00910942098928,0.00869833307911,0.00823496561173,0.00768386729697,0.00693207623545,0.00558096595352,0.00555581801645,0.00505901127939,0.00467046946594,0.0047244542647,0.00325671265036,0.00410824421042,0.00530921525508,0.00598696658618,0.00641425951718,0.00713715443484,0.00794917878475,0.00864608164655,0.00925380295791,0.00979545611696,0.0102853883769,0.0107331124505,0.0111453684734,0.0115271565194,0.0118823033408,0.0122138044751,0.0125240470182,0.0128149629702,0.0130881390535,0.0133448976025,0.0135863573419,0.0138134796807,0.0140271042793,0.0142279764944,0.0144167685658,0.0145940959189,0.0147605296214
0.0120622026091,0.0119102159884,0.0117445737945,0.0115647656478,0.0113704713138,0.011161510142,0.0109376502791,0.0106982621962,0.0104419379471,0.0101663090527,0.00986817525498,0.00954371270884,0.00918823977824,0.00879492642044,0.00835194883188,0.00783863454796,0.00722977068266,0.0065590874242,0.00584987799579,0.00400777113928,0.00399181124943,0.00461543194762,0.0033369918724,0.00442448093812,0.00546603383936,0.0061800982426,0.00681509520556,0.00745744345294,0.00810703094111,0.00871871122223,0.00927814175255,0.00978837414539,0.0102557635464,0.0106862472516,0.0110847397067,0.0114552057502,0.0118008398615,0.0121242311203,0.0124274956157,0.0127123794484,0.0129803385513,0.0132326007875,0.0134702145221,0.0136940867826,0.0139050133222,0.0141037023145,0.0142907929968,0.014466870272,0.0146324760661
0.0120292467516,0.0118818026868,0.0117220016837,0.0115493542152,0.0113634486323,0.0111638860273,0.0109501462807,0.0107213987264,0.0104763182333,0.0102129837861,0.00992887098117,0.0096208243553,0.00928481080665,0.00891532244485,0.00850466989313,0.00804342640495,0.00752445643877,0.00694254203907,0.00624386570029,0.00534255744953,0.00463094361248,0.00476742351883,0.00438507303568,0.00442442857459,0.00552761058372,0.00615113900696,0.00700886660193,0.00768372271453,0.00828278300985,0.00883653242736,0.00934961462151,0.00982456211309,0.0102647327622,0.0106737025897,0.0110547893976,0.0114108930594,0.0117444862558,0.0120576584833,0.0123521730435,0.0126295222416,0.0128909761083,0.0131376237514,0.0133704077845,0.013590152683,0.0137975879684,0.0139933670418,0.0141780823845,0.0143522777324,0.0145164577401
0.0120056969236,0.0118629696425,0.0117090052118,0.0115433333039,0.0113655058724,0.0111750431588,0.0109713469874,0.0107535941333,0.0105206378006,0.0102709434605,0.0100025557285,0.00971305239151,0.00939943432848,0.00905797502066,0.00868422874135,0.00827350433441,0.00782124895361,0.00731979838533,0.00675073774086,0.00607465040257,0.00457793715698,0.00470636486017,0.00470853437502,0.00542325093104,0.00576655613861,0.00617696044374,0.00726738539815,0.00792933989171,0.00848393516929,0.00898847236904,0.00945754833644,0.0098959552859,0.010306365075,0.0106910438167,0.0110521119254,0.0113915281115,0.0117110582767,0.0120122672553,0.012296528291,0.01256504162,0.0128188563464,0.0130588923847,0.0132859608744,0.0135007823823,0.0137040026974,0.0138962062711,0.0140779274752,0.0142496598999,0.0144118639285
0.011990755251,0.0118529234071,0.0117048657991,0.0115461469892,0.0113763321186,0.0111949485901,0.0110014327141,0.0107950700002,0.0105749427434,0.0103398960159,0.0100885223252,0.00981915560872,0.00952987413313,0.00921854937093,0.00888301736477,0.00852138060032,0.00813213656836,0.00771373226394,0.00726453523925,0.0067850946343,0.00632590863135,0.00605986999873,0.00608932128835,0.00638016941246,0.00671807635474,0.00714445593094,0.00770352521693,0.00823488867344,0.00871943039895,0.00917021509558,0.00959457070651,0.0099956084507,0.0103749072452,0.0107336630834,0.0110730240377,0.0113941359654,0.0116981157911,0.0119860212622,0.0122588325427,0.0125174452724,0.0127626715264,0.0129952454087,0.0132158309539,0.0134250308425,0.0136233950333,0.0138114288037,0.013989599946,0.0141583450151,0.014318074623
0.011983695645,0.0118509349333,0.0117088918223,0.0115571828277,0.0113954219981,0.0112231967897,0.0110400379332,0.0108453891646,0.0106385847115,0.0104188416226,0.0101852713236,0.00993691466192,0.00967281264467,0.00939214044069,0.0090944403925,0.0087799707905,0.00845018664101,0.00810861930513,0.00776321625936,0.0074328722922,0.00716068694654,0.00700789671013,0.00701604080231,0.00717319808241,0.00742903244034,0.00776258884051,0.00815739352519,0.00857198353176,0.00898021300805,0.0093745932729,0.00975367763537,0.0101171468046,0.0104649016347,0.0107970242559,0.0111137904713,0.0114156347433,0.011703095488,0.0119767645923,0.0122372496709,0.0124851492529,0.0127210382488,0.0129454607109,0.0131589273993,0.0133619163155,0.013554874922,0.0137382231937,0.013912356949,0.0140776511176,0.014234462747
0.0119838357407,0.0118563058086,0.0117203891803,0.0115757671164,0.011422124811,0.0112591387199,0.0110864627931,0.010903717933,0.0107104902292,0.0105063438759,0.0102908549189,0.0100636739677,0.00982463128659,0.00957390533135,0.00931228274187,0.00904154824643,0.0087650879813,0.00848892082888,0.00822354590491,0.00798673817774,0.00780506149546,0.00770789877539,0.00771399017326,0.00782138357751,0.00801291223099,0.00827053657836,0.00857609693772,0.00890855292555,0.00925057200946,0.0095919761621,0.00992753697655,0.0102544767448,0.0105712043775,0.010876798868,0.0111707799469,0.0114529749875,0.0117234243244,0.0119823101103,0.0122299038293,0.0124665289932,0.0126925356724,0.0129082838287,0.0131141329387,0.0133104359659,0.0134975362396,0.0136757662068,0.0138454473313,0.0140068906417,0.0141603975944

